jp,fr,occurrences,origin,example
リアン,Rian,350,etymology,リアンヘッド・青 / リアンハット・青
赤原礼装,Akahara,340,en-patch,赤原礼装・頭：剣赤 / 赤原礼装・頭：剣Ｆ赤
シャラン,Sharan,323,etymology,シャランヘッド・青 / シャランＦヘッド・青
アルマ,Alma,312,etymology,アルマヘッド・黒 / アルマハット・黒
キャロル,Carol,310,etymology,キャロルバンド・黒 / キャロルＦバンド・黒
レアル,Real,300,etymology,レアルヘッド・白 / レアルＦヘッド・白
メレティ,Meleti,300,etymology,メレティヘッド・白 / メレティＦヘッド・白
テクスト,Texte,300,etymology,テクストヘッド・紫 / テクストＦヘッド・紫
ファラン,Faran,300,etymology,ファランヘルム・白 / ファランＦヘルム・白
リゲリア,Ligeria,300,etymology,リゲリアヘルム・白 / リゲリアＦヘルム・白
スリート,Sleet,300,etymology,スリートヘッド・黄 / スリートＦヘッド・黄
エディオ,Edio,300,etymology,エディオヘルム・青 / エディオＦヘルム・青
シエナ,Sienne,300,etymology,シエナヘルム・銀 / シエナＦヘルム・銀
レイスト,Reist,300,etymology,レイストヘッド・黒 / レイストＦヘッド・黒
クロース,Cloth,300,etymology,クロースヘッド・赤 / クロースＦヘッド・赤
ゴルゴン,Gorgone,300,etymology,ゴルゴンヘッド・黒 / ゴルゴンＦヘッド・黒
アステリ,Asteri,300,etymology,アステリピアス・白 / アステリＦピアス・白
エヴォル,Evol,300,etymology,エヴォルヘッド・白 / エヴォルＦヘッド・白
ワンダレ,Wandale,300,etymology,ワンダレヘッド・青 / ワンダレＦヘッド・青
オユン,Oyun,280,etymology,オユンヘルム・青 / オユンＦヘルム・青
ステノ,Stheno,268,etymology,ステノヘルム・橙 / ステノＦヘルム・橙
アクラ,Akura,260,monster,アクラヘルム / アクラヘルム黄
イクス,Ix,260,etymology,イクスピアス・白 / イクスＦピアス・白
フェルム,Ferm,260,etymology,フェルムヘッド・黒 / フェルムＦヘッド・黒
ゴルト,Gold,260,etymology,ゴルトヘルム・赤 / ゴルトＦヘルム・赤
アリスト,Aristo,260,etymology,アリストヘッド・青 / アリストＦヘッド・青
バーニー,Barney,260,etymology,バーニーバンド・黒 / バーニーＦバンド・黒
オメット,Omet,260,etymology,オメットヘルム・黒 / オメットＦヘルム・黒
セクティ,Secti,260,etymology,セクティヘルム・黒 / セクティＦヘルム・黒
セレナ,Serena,260,etymology,セレナヘッド・紫 / セレナＦヘッド・紫
シェリフ,Sherif,260,etymology,シェリフヘッド・茶 / シェリフＦヘッド・茶
ナーガ,Naga,260,etymology,ナーガヘッド・青 / ナーガＦヘッド・青
バンデ,Bande,260,etymology,バンデヘッド・青 / バンデＦヘッド・青
レグヌム,Regnum,260,etymology,レグヌムヘッド・白 / レグヌムＦヘッド・白
マリン,Marin,260,etymology,マリンヘッド・青 / マリンＦヘッド・青
ルフレ,Rufre,260,etymology,ルフレヘッド・青 / ルフレＦヘッド・青
ガニア,Gania,260,etymology,ガニアヘッド・赤 / ガニアＦヘッド・赤
ダスク,Dusk,260,etymology,ダスクヘッド・赤 / ダスクＦヘッド・赤
アミスタ,Amista,260,etymology,アミスタヘルム・黒 / アミスタＦヘルム・黒
ペリフ,Perif,260,etymology,ペリフヘルム・青 / ペリフＦヘルム・青
メトリー,Metri,240,etymology,メトリーヘルム・青 / メトリーＦヘルム・青
アミロ,Amiro,240,etymology,アミロヘルム・青 / アミロＦヘルム・青
アッシュ,Ash,240,etymology,アッシュヘッド・赤 / アッシュＦヘッド・赤
カーマイン,Carmin,240,etymology,カーマインヘッド黒 / カーマインＦヘッド黒
リュウ,Ryu,240,etymology,リュウヘッド・赤 / リュウＦヘッド・赤
サジタリオ,Sagittaire,240,etymology,サジタリオヘッド赤 / サジタリオＦヘッド赤
ニーナ,Nina,240,etymology,ニーナヘッド・赤 / ニーナＦヘッド・赤
ガリトス,Garitos,225,etymology,ガリトスヘッド・茶 / ガリトスＦヘッド・茶
カウチュ,Kauchu,225,etymology,カウチュピアス・青 / カウチュＦピアス・青
ゾデック,Zodec,225,etymology,ゾデックヘルム・青 / ゾデックＦヘルム・青
グロリア,Gloria,225,etymology,グロリアヘルム・金 / グロリアＦヘルム・金
マゴス,Magos,225,etymology,マゴスヘッド・黄 / マゴスＦヘッド・黄
ピクス,Pyx,225,etymology,ピクスヘッド・緑 / ピクスＦヘッド・緑
ダンテ,Dante,216,etymology,ダンテヘッド・赤 / ダンテＦヘッド・赤
レディ,Lady,216,etymology,レディヘッド・白 / レディＦヘッド・白
クレール,Clair,195,etymology,クレールヘッド・紫 / クレールＦヘッド・紫
マイスト,Maist,195,etymology,マイストヘッド・紅 / マイストＦヘッド・紅
カエシス,Cayssis,195,etymology,カエシスヘルム赤 / カエシスＦヘルム赤
ゲルト,Gert,195,etymology,ゲルトヘルム・黒 / ゲルトＦヘルム・黒
オナブル,Onable,195,etymology,オナブルヘルム・赤 / オナブルＦヘルム・赤
ディヴォル,Divol,180,etymology,ディヴォルヘッド緑 / ディヴォルＦヘッド緑
ザイラ,Zaira,180,etymology,ザイラヘルム・緑 / ザイラＦヘルム・緑
マギサ,Magisa,175,etymology,マギサヘッド・赤 / マギサヘッド・黒
ゲノム,Genome,162,etymology,ゲノムヘッド・緑 / ゲノムＦヘッド・緑
ウィザー,Wither,150,etymology,ウィザーハット・赤 / ウィザーハット・黒
コムラダ,Comrada,140,en-patch,コムラダヘルム【赤】 / コムラダヘルム【青】
ミク,Miku,136,etymology,ミクヘッド / ミクＦヘッド
ブリゼ,Blize,125,en-patch,ブリゼヘルム / ブリゼＦヘルム
ブリス,Bliss,120,etymology,ブリスヘッド【白】 / ブリスヘッド【青】
レイジ,Rage,85,etymology,レイジヘルム / レイジＦヘルム
ランページ,Rampage,85,etymology,ランページヘルム / ランページＦヘルム
ブレイズ,Blaze,85,etymology,ブレイズヘルム / ブレイズＦヘルム
ガウス,Gauss,85,etymology,ガウスFZヘルム / ガウスFZマスク
ウェーバ,Weber,85,etymology,ウェーバFZヘルム / ウェーバFZマスク
ギルバート,Gilbert,85,etymology,ギルバートFZヘルム / ギルバートFZマスク
ブライト,Bright,85,etymology,ブライトヘルム / ブライトＦヘルム
ジュアリ,Juari,85,etymology,ジュアリヘルム / ジュアリＦヘルム
ティンク,Tinku,85,en-patch,ティンクヘルム / ティンクＦヘルム
ゴゴ,Gogomoa,80,en-patch,ゴゴヘルム / ゴゴＦヘルム
タンドレス,Tandress,80,en-patch,タンドレスヘッド / タンドレスＦヘッド
トラス,Truss,80,etymology,トラスベスト青 / トラスＦベスト青
アージェ,Arge,75,etymology,アージェヘッド / アージェＦヘッド
カマレラ,Camarera,75,etymology,カマレラヘッド / カマレラＦヘッド
メテネラ,Metenera,75,etymology,メテネラヘッド / メテネラＦヘッド
マンドラ,Mandora,75,en-patch,マンドラヘルム / マンドラＦヘルム
アオノコ,Aonoko,75,en-patch,アオノコヘルム / アオノコＦヘルム
ハーゼ,Harze,75,en-patch,ハーゼバンド / ハーゼＦバンド
シャテム,Shatemu,75,en-patch,シャテムバンド / シャテムＦバンド
ヘヴリア,Hevria,75,en-patch,ヘヴリアバンド / ヘヴリアＦバンド
ティルル,Tiuru,75,en-patch,ティルルバンド / ティルルＦバンド
オルロジュ,Orloj,75,en-patch,オルロジュバンド / オルロジュＦバンド
ディナト,Dinato,75,en-patch,ディナトヘッド / ディナトＦヘッド
ドゥケ,Duque,75,en-patch,ドゥケヘッド / ドゥケＦヘッド
グラヌ,Granu,75,en-patch,グラヌヘッド / グラヌＦヘッド
ヴィーチ,Vichi,75,en-patch,ヴィーチヘッド / ヴィーチＦヘッド
カイラ,Kaila,75,en-patch,カイラヘルム / カイラＦヘルム
シエロ,Cielo,75,en-patch,シエロヘッド / シエロＦヘッド
ガガチュ,Gagachu,75,en-patch,ガガチュピアス / ガガチュＦピアス
アーベン,Arben,75,en-patch,アーベンヘッド / アーベンＦヘッド
ケラヴノ,Keravuno,75,en-patch,ケラヴノヘッド / ケラヴノＦヘッド
メラルー,Melynx,75,monster,メラルーヘッド / メラルーＦヘッド
アイルー,Felyne,75,en-patch,アイルーヘッド / アイルーＦヘッド
アメショ,Tabby,75,en-patch,アメショヘッド / アメショＦヘッド
チャトラ,Chatla,75,romaji,チャトラヘッド / チャトラＦヘッド
ミケ,Calico,75,en-patch,ミケヘッド / ミケＦヘッド
シロ,Monotone,75,en-patch,シロヘッド / シロＦヘッド
チャシロ,Chashiro,75,en-patch,チャシロヘッド / チャシロＦヘッド
クロシロ,Two-tone,75,en-patch,クロシロヘッド / クロシロＦヘッド
アウラ,Aura,75,en-patch,アウラヘッド / アウラＦヘッド
蒼皇氷,Ice,75,en-patch,蒼皇氷ヘッド / 蒼皇氷Ｆヘッド
白皇氷,Ice,75,en-patch,白皇氷ヘッド / 白皇氷Ｆヘッド
紅皇氷,Ice,75,en-patch,紅皇氷ヘッド / 紅皇氷Ｆヘッド
クロフィ,Kurofi,75,en-patch,クロフィヘッド / クロフィＦヘッド
チアリム,Chiarim,75,en-patch,チアリムヘッド / チアリムＦヘッド
ディオス,Dios,75,en-patch,ディオスヘッド / ディオスＦヘッド
サクフィ,Sakufi,75,en-patch,サクフィヘッド / サクフィＦヘッド
アスモ,Asumo,75,en-patch,アスモヘッド / アスモＦヘッド
ムルタ,Muruta,75,en-patch,ムルタヘッド / ムルタＦヘッド
ハウラ,Howla,75,en-patch,ハウラヘッド / ハウラＦヘッド
パンセ,Panse,75,en-patch,パンセヘッド / パンセＦヘッド
マリジュ,Marriage,75,en-patch,マリジュヘッド / マリジュＦヘッド
ユキネ,Yukine,75,en-patch,ユキネヘッド / ユキネＦヘッド
雪ミク,Snow,75,en-patch,雪ミクヘッド / 雪ミクＦヘッド
アデル,Adel,75,en-patch,アデルヘッド / アデルＦヘッド
ロックブーケ,Rocbouquet,75,en-patch,ロックブーケヘッド / ロックブーケＦヘッド
アルカイザー,Alkaiser,75,en-patch,アルカイザーヘッド / アルカイザーＦヘッド
クローディア,Claudia,75,en-patch,クローディアヘッド / クローディアＦヘッド
ヘシュム,Hesyumu,75,en-patch,ヘシュムヘッド / ヘシュムＦヘッド
カサミエ,Kasamie,75,en-patch,カサミエヘッド / カサミエＦヘッド
ﾖﾙﾊ二号B型,YoRHa,75,en-patch,ﾖﾙﾊ二号B型ヘッド / ﾖﾙﾊ二号B型Ｆヘッド
ロッカ,Rokka,75,en-patch,ロッカヘルム / ロッカＦヘルム
ペンレ,Penre,75,en-patch,ペンレヘッド / ペンレＦヘッド
ザッカ,Zakka,75,en-patch,ザッカヘルム / ザッカＦヘルム
ランタナ,Rantana,75,en-patch,ランタナヘルム / ランタナＦヘルム
エリス,Eris,75,en-patch,エリスヘルム / エリスＦヘルム
シャルフ,Sharufu,75,en-patch,シャルフヘルム / シャルフＦヘルム
カマラ,Kamara,75,en-patch,カマラヘルム / カマラＦヘルム
ルーチェ,Ruche,75,en-patch,ルーチェヘルム / ルーチェＦヘルム
レビン,Levin,75,en-patch,レビンヘルム / レビンＦヘルム
シュイ,Shui,75,en-patch,シュイヘルム / シュイＦヘルム
アルフィ,Alfi,75,en-patch,アルフィヘッド / アルフィＦヘッド
カイファ,Kaifa,75,en-patch,カイファヘルム / カイファＦヘルム
ストラザ,Straza,75,en-patch,ストラザヘッド / ストラザＦヘッド
サイネ,Saine,75,en-patch,サイネヘルム / サイネＦヘルム
ウイング,Wing,75,en-patch,ウイングヘッド / ウイングＦヘッド
ピンビ,Pinbi,75,en-patch,ピンビヘッド / ピンビＦヘッド
プリブ,Pribu,75,en-patch,プリブヘッド / プリブＦヘッド
グレイ,Gray,75,en-patch,グレイヘッド / グレイＦヘッド
ウルピナ,Urpina,75,en-patch,ウルピナヘッド / ウルピナＦヘッド
ノエル,Noel,75,en-patch,ノエルヘッド / ノエルＦヘッド
ビューネイ,Bune,75,en-patch,ビューネイヘッド / ビューネイＦヘッド
シャルル,Sharuru,75,en-patch,シャルルＤヘルム / シャルルヘルム
ディラン,Dylan,75,en-patch,ディランＤヘッド / ディランヘッド
ディブル,Dibble,75,en-patch,ディブルＤヘッド / ディブルヘッド
フィンス,Fins,75,en-patch,フィンスＤヘッド / フィンスヘッド
ディンス,Dins,75,en-patch,ディンスＤヘッド / ディンスヘッド
カリス,Charis,75,en-patch,カリスＤヘルム / カリスヘルム
ミリアム,Miriam,75,en-patch,ミリアムＤヘッド / ミリアムヘッド
レニガン,Lenigan,75,en-patch,レニガンＤヘッド / レニガンヘッド
ファビラ,Favila,75,en-patch,ファビラヘッド / ファビラＦヘッド
アリシア,Alicia,75,en-patch,アリシアヘッド / アリシアＦヘッド
ラビウス,Rabius,75,en-patch,ラビウスヘッド / ラビウスＦヘッド
ロクラス,Rocras,75,en-patch,ロクラスヘッド / ロクラスＦヘッド
アリシス,Alisys,75,en-patch,アリシスヘッド / アリシスＦヘッド
ロゥリィ,Loli,75,en-patch,ロゥリィヘッド / ロゥリィＦヘッド
レコリス,Recolis,75,en-patch,レコリスヘッド / レコリスＦヘッド
キリーク,Kireek,75,en-patch,キリークヘッド / キリークＦヘッド
クーナ,Quna,75,en-patch,クーナヘッド / クーナＦヘッド
ディスタ,Dista,75,en-patch,ディスタヘッド / ディスタＦヘッド
イオニア,Ionia,75,en-patch,イオニアヘッド / イオニアＦヘッド
キンコウ,Kinkou,75,en-patch,キンコウヘッド / キンコウＦヘッド
アンブ,Anbu,75,en-patch,アンブヘッド / アンブＦヘッド
フィーネ,Fine,75,en-patch,フィーネヘッド / フィーネＦヘッド
コトナ,Kotona,75,en-patch,コトナヘッド / コトナＦヘッド
フィニス,Finis,75,en-patch,フィニスヘッド / フィニスＦヘッド
フィール,Firl,75,en-patch,フィールヘッド / フィールＦヘッド
ジェムズ,Gems,75,en-patch,ジェムズヘッド / ジェムズＦヘッド
アリシャ,Alisha,75,en-patch,アリシャヘッド / アリシャＦヘッド
リッカ,Ricca,75,en-patch,リッカヘルム / リッカＦヘルム
ケリス,Kelis,75,en-patch,ケリスヘルム / ケリスＦヘルム
デモン,Demon,72,etymology,デモンヘッド青 / デモンＦヘッド青
カオス,Chaos,72,etymology,カオスヘッド青 / カオスＦヘッド青
フルフル,Khezu,70,monster,フルフルヘルム / フルフルキャップ
レウス,Rathalos,70,en-patch,レウスヘルム / レウスキャップ
ザザミ,Hermitaur,70,en-patch,ザザミヘルム / ザザミキャップ
ブランゴ,Blango,70,monster,ブランゴヘルム / ブランゴキャップ
ヒプノ,Hypnoc,70,en-patch,ヒプノヘルム / ヒプノキャップ
ベル,Beru,70,en-patch,ベルヘルム / ベルキャップ
パリア,Paria,70,en-patch,パリアヘルム / パリアＦヘルム
ラヴィ,Raviente,70,en-patch,ラヴィヘッド / ラヴィＦヘッド
グレン,Guren,70,en-patch,グレンヘッド / グレンＦヘッド
クアル,Kuaru,70,en-patch,クアルヘルム / クアルＦヘルム
クオイズ,Quoiz,70,en-patch,クオイズヘッド / クオイズＦヘッド
カライス,Kalais,70,en-patch,カライスヘッド / カライスＦヘッド
ルケーゼ,Lucchese,70,en-patch,ルケーゼヘッド / ルケーゼＦヘッド
オリクト,Orykto,70,en-patch,オリクトＧヘルム / オリクトGXヘルム
ハルド,Harudo,70,en-patch,ハルドヘルム / ハルドＦヘルム
ラピヌ,Lapine,70,en-patch,ラピヌバンド / ラピヌＦバンド
マアデン,Maaden,70,en-patch,マアデンヘルム / マアデンＦヘルム
トリド,Torid,70,en-patch,トリドヘルム / トリドＦヘルム
ペレグリ,Pelegri,70,en-patch,ペレグリヘッド / ペレグリＦヘッド
リュバン,Ruban,68,en-patch,リュバンバンド / リュバンＦバンド
ラモール,L'Amore,68,en-patch,ラモールマスク / ラモールＦマスク
ドルチェ,Dolce,68,en-patch,ドルチェマスク / ドルチェＦマスク
ストレガ,Strega,65,en-patch,ストレガヘルム / ストレガキャップ
リオデュオ,Rath,65,en-patch,リオデュオヘルム / リオデュオキャップ
デュール,Deyuru,65,en-patch,デュールヘルム / デュールＦヘルム
ファルコ,Falco,65,en-patch,ファルコヘルム / ファルコＦヘルム
アビット,Abitto,65,en-patch,アビットヘッド / アビットＦヘッド
ハウクス,Howx,65,en-patch,ハウクスヘルム / ハウクスＦヘルム
レイル,Rail,65,en-patch,レイルヘルム / レイルＦヘルム
リブリー,Riburi,65,en-patch,リブリーヘッド / リブリーＦヘッド
リーデレ,Ridere,65,en-patch,リーデレヘルム / リーデレＦヘルム
リエット,Riot,65,en-patch,リエットヘルム / リエットＦヘルム
ルターレ,Rutare,65,en-patch,ルターレヘルム / ルターレＦヘルム
ジェス,Jess,65,en-patch,ジェスヘルム / ジェスＦヘルム
キュビィ,Cubie,65,en-patch,キュビィヘルム / キュビィＦヘルム
ラトリア,Latria,65,en-patch,ラトリアヘッド / ラトリアＦヘッド
ケモル,Kemor,65,en-patch,ケモルヘルム / ケモルＦヘルム
コンタオ,Kontao,65,en-patch,コンタオヘッド / コンタオＦヘッド
デリヴ,Deliver,65,en-patch,デリヴヘルム / デリヴＦヘルム
アサーク,Asaku,65,en-patch,アサークヘルム / アサークＦヘルム
ニスル,Nisuru,65,en-patch,ニスルヘルム / ニスルＦヘルム
ペルセ,Perce,65,en-patch,ペルセヘルム / ペルセＦヘルム
デゾルト,Desordre,65,en-patch,デゾルトヘルム / デゾルトＦヘルム
シャンディ,Shandy,65,en-patch,シャンディヘッド / シャンディＦヘッド
ヨルティ,Yoruti,65,en-patch,ヨルティヘルム / ヨルティＦヘルム
ハラガン,Haragan,65,en-patch,ハラガンヘルム / ハラガンＦヘルム
ライオス,Rios,65,en-patch,ライオスヘルム / ライオスＦヘルム
ボニト,Bonito,65,en-patch,ボニトヘルム / ボニトＦヘルム
メイリダ,Meirida,65,en-patch,メイリダヘルム / メイリダＦヘルム
アブヤド,Abuyado,65,en-patch,アブヤドヘルム / アブヤドＦヘルム
しましま,Shimashima,65,en-patch,しましまヘッド / しましまＦヘッド
オルドル,Ordre,65,en-patch,オルドルヘルム / オルドルＦヘルム
チェニー,Cheni,65,en-patch,チェニーヘルム / チェニーＦヘルム
ミニオム,Miniomu,65,en-patch,ミニオムヘルム / ミニオムＦヘルム
カバリバ,Kabariba,65,en-patch,カバリバヘルム / カバリバＦヘルム
トルボダ,Toruboda,65,en-patch,トルボダヘッド / トルボダＦヘッド
ハリメノ,Harimeno,65,en-patch,ハリメノヘルム / ハリメノＦヘルム
ヴァリエ,Valier,65,en-patch,ヴァリエヘッド / ヴァリエＦヘッド
ラース,Lars,65,en-patch,ラースヘッド / ラースＦヘッド
キュール,Cure,65,en-patch,キュールヘッド / キュールＦヘッド
エギエネ,Eguiene,65,en-patch,エギエネヘッド / エギエネＦヘッド
ヴァクス,Vakusu,65,en-patch,ヴァクスヘッド / ヴァクスＦヘッド
パシオ,Pashio,65,en-patch,パシオヘルム / パシオＦヘルム
ワンス,Once,61,en-patch,ワンスヘルム / ワンスＦヘルム
ゲネポス,Genprey,60,monster,ゲネポスヘルム / ゲネポスキャップ
イーオス,Ioprey,60,monster,イーオスヘルム / イーオスキャップ
ゲリョス,Gypceros,60,monster,ゲリョスヘルム / ゲリョスキャップ
ガレオス,Cephalos,60,monster,ガレオスヘルム / ガレオスキャップ
バサル,Basarios,60,en-patch,バサルヘルム / バサルキャップ
ディアブロ,Diablos,60,en-patch,ディアブロヘルム / ディアブロキャップ
グラビド,Gravios,60,en-patch,グラビドヘルム / グラビドキャップ
コンガ,Conga,60,monster,コンガヘルム / コンガキャップ
ギザミ,Ceanataur,60,en-patch,ギザミヘルム / ギザミキャップ
ラヴァ,Lavasioth,60,en-patch,ラヴァヘルム / ラヴァキャップ
レックス,Tigrex,60,en-patch,レックスヘルム / レックスキャップ
ミクセス,Mixes,60,en-patch,ミクセスヘルム / ミクセスＦヘルム
テリオグ,Teriog,60,romaji,テリオグヘルム / テリオグキャップ
ザムザ,Zamuza,60,en-patch,ザムザヘルム / ザムザＦヘルム
ストロマ,Stroma,60,en-patch,ストロマヘルム / ストロマＦヘルム
イリーク,Iriku,60,en-patch,イリークヘルム / イリークＦヘルム
ルクスト,Luxt,60,en-patch,ルクストヘルム / ルクストＦヘルム
オレウム,Oleum,60,en-patch,オレウムヘルム / オレウムＦヘルム
クラント,Kuranto,60,en-patch,クラントヘルム / クラントＦヘルム
ユプケ,Yupuk,60,en-patch,ユプケヘルム / ユプケＦヘルム
ノヴィー,Nova,60,en-patch,ノヴィーヘルム / ノヴィーＦヘルム
リグイ,Pisces,60,en-patch,リグイヘルム / リグイＦヘルム
サーブル,Sabl,60,romaji,サーブルピアス / サーブルＦピアス
メラギ,Meraginasu,60,en-patch,メラギヘルム / メラギＦヘルム
ヒストリア,Historia,60,en-patch,ヒストリアヘッド / ヒストリアＦヘッド
コルーデ,Coord,60,en-patch,コルーデヘルム / コルーデＦヘルム
レセーガ,Resega,60,en-patch,レセーガヘルム / レセーガＦヘルム
スフォル,Suforu,60,en-patch,スフォルヘルム / スフォルＦヘルム
調査兵団,Survey,60,en-patch,調査兵団ヘッド / 調査兵団Ｆヘッド
訓練兵団,Training,60,en-patch,訓練兵団ヘッド / 訓練兵団Ｆヘッド
キニオル,Kinioru,60,en-patch,キニオルヘルム / キニオルＦヘルム
カイオル,Kaioru,60,en-patch,カイオルヘルム / カイオルＦヘルム
ユーリス,Yurisu,60,en-patch,ユーリスヘルム / ユーリスＦヘルム
ランデグ,Randeg,60,romaji,ランデグヘルム / ランデグＦヘルム
エンドレ,Endre,60,en-patch,エンドレヘルム / エンドレＦヘルム
ポボルム,Pobo,60,en-patch,ポボルムヘルム / ポボルムＦヘルム
ベンディ,Bendi,60,en-patch,ベンディヘルム / ベンディＦヘルム
トゥールム,Trume,60,en-patch,トゥールムヘルム / トゥールムＦヘルム
ヴァル,Varusa,60,en-patch,ヴァルヘルム / ヴァルＦヘルム
ブロンテ,Bronte,60,en-patch,ブロンテヘッド / ブロンテＦヘッド
ソレーネ,Solene,60,en-patch,ソレーネヘッド / ソレーネＦヘッド
ランヴォ,Ranvuo,60,en-patch,ランヴォヘルム / ランヴォＦヘルム
ニュイ,Nyui,60,en-patch,ニュイヘルム / ニュイＦヘルム
ガスラ,Gasura,60,en-patch,ガスラヘルム / ガスラＦヘルム
初号機,Unit-,60,en-patch,初号機ヘッド / 初号機Ｆヘッド
零号機,Unit-,60,en-patch,零号機ヘッド / 零号機Ｆヘッド
トイスト,Toist,60,romaji,トイストヘッド / トイストＦヘッド
シルティ,Shiruti,60,en-patch,シルティヘッド / シルティＦヘッド
Ｍark.０６,Mark,60,en-patch,Ｍark.０６ヘッド / Ｍark.０６Ｆヘッド
２号機,Unit-,60,en-patch,２号機ヘッド / ２号機Ｆヘッド
ケイス,Keisu,60,en-patch,ケイスヘルム / ケイスＦヘルム
リュミエ,Lumiere,60,en-patch,リュミエヘルム / リュミエＦヘルム
クレオラ,Cleora,60,en-patch,クレオラヘルム / クレオラＦヘルム
トア,Toa,60,en-patch,トアヘルム / トアＦヘルム
サルタ,Salta,60,en-patch,サルタヘッド / サルタＦヘッド
グァン,Guan,60,en-patch,グァンヘッド / グァンＦヘッド
カイジ,Kaiji,60,en-patch,カイジマスク / カイジＦマスク
美心,Mikoko,60,en-patch,美心マスク / 美心Ｆマスク
テリュオ,Teryuo,60,romaji,テリュオヘッド / テリュオＦヘッド
スフレ,Souffle,60,en-patch,スフレヘッド / スフレＦヘッド
ソルフレア,Solflare,60,en-patch,ソルフレアヘッド / ソルフレアＦヘッド
雅,Elegant,60,en-patch,雅ヘッド / 雅Ｆヘッド
タルタ,Taruta,60,en-patch,タルタヘッド / タルタＦヘッド
ルルタ,Ruruta,60,en-patch,ルルタヘッド / ルルタＦヘッド
ロホック,Rohokku,60,en-patch,ロホックヘッド / ロホックＦヘッド
ラーヴェ,Rave,60,en-patch,ラーヴェヘルム / ラーヴェＦヘルム
クック,Kut-Ku,58,en-patch,クックＳヘルム / クックＳキャップ
きんねこ服,Cat,58,en-patch,きんねこ服マスク / きんねこ服Ｆヘッド
スタリナ,Starina,58,en-patch,スタリナヘッド / スタリナＦヘッド
ルース,Loose,58,en-patch,ルースヘッド / ルースＦヘッド
ぎんねこ服,Cat,58,en-patch,ぎんねこ服マスク / ぎんねこ服Ｆヘッド
ミラド,Mirado,58,en-patch,ミラドヘッド / ミラドＦヘッド
ピラータ,Pirata,58,en-patch,ピラータヘッド / ピラータＦヘッド
ゼロイ,Zeroi,58,en-patch,ゼロイヘッド / ゼロイＦヘッド
ウーコン,Shoko,58,en-patch,ウーコンヘッド / ウーコンＦヘッド
ニンバス,Nimbus,58,en-patch,ニンバスヘッド / ニンバスＦヘッド
ガノス,Plesioth,56,en-patch,ガノスヘルム / ガノスキャップ
メラン,Melan,56,en-patch,メランヘッド / メランＦヘッド
ディール,Diru,56,en-patch,ディールヘッド / ディールＦヘッド
聖王,Holy,54,en-patch,聖王ヘッド / 聖王Ｆヘッド
英雄王,Hero,54,en-patch,英雄王ヘッド / 英雄王Ｆヘッド
ルワージュ,Rwaju,54,romaji,ルワージュヘッド / ルワージュＦヘッド
ノメル,Nomel,54,romaji,ノメルヘッド / ノメルＦヘッド
ランポス,Velociprey,50,monster,ランポスヘルム / ランポスキャップ
レイア,Rathian,50,en-patch,レイアヘルム / レイアキャップ
モノブロス,Monoblos,50,monster,モノブロスヘルム / モノブロスキャップ
ガルルガ,Garuga,50,en-patch,ガルルガヘルム / ガルルガキャップ
リルス,Lils,50,en-patch,リルスヘッド / リルスキャップ
ピスティス,Pistis,50,en-patch,ピスティスＦヘッド / ピスティスＦハット
アビオ,Abiorugu,50,en-patch,アビオヘルム / アビオＦヘルム
カカブ,Kakabu,50,en-patch,カカブヘッド / カカブキャップ
アルル,Aruru,50,en-patch,アルルヘッド / アルルＦヘッド
レギュクス,Regyukusu,50,en-patch,レギュクスＦヘッド / レギュクスＦマスク
オディバ,Odiva,50,en-patch,オディバヘルム / オディバＦヘルム
ディボア,Diboa,50,en-patch,ディボアヘルム / ディボアＦヘルム
ヴェルフ,Welf,50,en-patch,ヴェルフFZヘルム / ヴェルフHCヘルム
アルテラ,Altera,50,en-patch,アルテラヘルム / アルテラＦヘルム
グレア,Gureado,50,en-patch,グレアヘルム / グレアＦヘルム
ヴォン,Voljang,50,en-patch,ヴォンヘルム / ヴォンＦヘルム
シャドウ,Shadow,48,en-patch,シャドウスーツ紫 / シャドウＦスーツ紫
ソウル,Soul,48,en-patch,ソウルスーツ紫 / ソウルＦスーツ紫
ガルーダ,Garuda,46,en-patch,ガルーダヘッド / ガルーダピアス
ブルック,Burukku,46,monster,ブルックヘッド / ブルックＦヘッド
ゴルック,Gorukku,46,en-patch,ゴルックヘッド / ゴルックＦヘッド
シルック,Shirukku,46,en-patch,シルックヘッド / シルックＦヘッド
ノルック,Norukku,46,en-patch,ノルックヘッド / ノルックＦヘッド
エンプレス,Empress,45,en-patch,エンプレスマスク / エンプレスＦマスク
カイザー,Kaiser,45,en-patch,カイザーマスク / カイザーＦマスク
エクエス,Eques,45,en-patch,エクエスヘルム / エクエスキャップ
パンデウム,Pandeum,45,en-patch,パンデウムヘッド / パンデウムピアス
フィアラル,Feral,45,en-patch,フィアラルヘッド / フィアラルピアス
ワイルド,Wild,45,en-patch,ワイルドヘッド / ワイルドピアス
ディアン,Dian,45,en-patch,ディアンヘッド / ディアンピアス
クラージ,Kuraaji,45,en-patch,クラージヘルム / クラージＦヘルム
フラウア,Flower,45,en-patch,フラウアヘッド / フラウアピアス
フィアス,Fias,45,en-patch,フィアスヘッド / フィアスピアス
ヴィルト,Viruto,45,en-patch,ヴィルトヘッド / ヴィルトピアス
フレイム,Flame,45,en-patch,フレイムマスク / フレイムＦマスク
オーロワ,Oorowa,45,en-patch,オーロワヘルム / オーロワＦヘルム
マダル,Madaru,45,en-patch,マダルヘルム / マダルＦヘルム
フロル,Furoru,45,en-patch,フロルヘッド / フロルＦヘッド
ハイメタ,High,42,en-patch,ハイメタヘルム / ハイメタキャップ
ハンター,Hunter's,40,en-patch,ハンターヘルム / ハンターキャップ
ボーン,Bone,40,en-patch,ボーンヘルム / ボーンキャップ
バトル,Battle,40,en-patch,バトルヘルム / バトルキャップ
ランゴ,Vespoid,40,en-patch,ランゴヘルム / ランゴキャップ
タロス,Hornetaur,40,en-patch,タロスヘルム / タロスキャップ
リオハート,Rath,40,en-patch,リオハートヘルム / リオハートキャップ
リオソウル,Rath,40,en-patch,リオソウルヘルム / リオソウルキャップ
モノデビル,Monodevil,40,en-patch,モノデビルヘルム / モノデビルキャップ
アスール,Azul,40,en-patch,アスールヘッド / アスールＦヘッド
プロミス,Promise,40,en-patch,プロミスヘッド【白】 / プロミスヘッド【青】
ゴスペル,Gospel,40,en-patch,ゴスペルヘルム / ゴスペルキャップ
アクラＵ,Vashimu,40,en-patch,アクラＵヘルム / アクラＵヘルム黄
ヴィネン,Vinen,40,en-patch,ヴィネンヘッド / ヴィネンＦヘッド
リサーザ,Risaaza,40,en-patch,リサーザＦヘッド / リサーザＦマスク
ドグメア,Dogumea,40,en-patch,ドグメアヘルム / ドグメアＦヘルム
エミット,Emitt,40,romaji,エミットヘルム / エミットＦヘルム
グラッシュ,Glasshu,40,romaji,グラッシュヘッド / グラッシュＦヘッド
マグシア,Gougarf,40,en-patch,マグシアＧヘルム / マグシアGXヘルム
ブリンク,Blink,40,en-patch,ブリンクＦバンド / ブリンクＦヘッド
ディオレ,Diore,40,en-patch,ディオレヘルム / ディオレＦヘルム
IS学園,,40,unresolved,IS学園ヘッド・白 / IS学園ピアス・白
IS学園Ｆ,,40,unresolved,IS学園Ｆヘッド・白 / IS学園Ｆピアス・白
IS学園FZ,,40,unresolved,IS学園FZヘッド・白 / IS学園FZピアス・白
IS学園HS,,40,unresolved,IS学園HSヘッド・白 / IS学園HSピアス・白
IS学園GS,,40,unresolved,IS学園GSヘッド・白 / IS学園GSピアス・白
IS学園GP,,40,unresolved,IS学園GPヘッド・白 / IS学園GPピアス・白
コムラダGF,,40,unresolved,コムラダGFヘッド・赤 / コムラダGFハット・赤
CEケブラー,CE,40,en-patch,CEケブラー頭：剣青 / CEケブラー頭：弓青
CEケブラーＦ,CE,40,en-patch,CEケブラーＦ頭：剣青 / CEケブラーＦ頭：弓青
CEケブラーFZ,CE,40,en-patch,CEケブラーFZ頭：剣青 / CEケブラーFZ頭：弓青
CEケブラーHS,CE,40,en-patch,CEケブラーHS頭：剣青 / CEケブラーHS頭：弓青
CEケブラーGS,CE,40,en-patch,CEケブラーGS頭：剣青 / CEケブラーGS頭：弓青
CEケブラーGP,CE,40,en-patch,CEケブラーGP頭：剣青 / CEケブラーGP頭：弓青
ABレイヤー,AB,40,en-patch,ABレイヤー頭：剣赤 / ABレイヤー頭：弓赤
ABレイヤーＦ,AB,40,en-patch,ABレイヤーＦ頭：剣赤 / ABレイヤーＦ頭：弓赤
ABレイヤーFZ,AB,40,en-patch,ABレイヤーFZ頭：剣赤 / ABレイヤーFZ頭：弓赤
ABレイヤーHS,AB,40,en-patch,ABレイヤーHS頭：剣赤 / ABレイヤーHS頭：弓赤
ABレイヤーGS,AB,40,en-patch,ABレイヤーGS頭：剣赤 / ABレイヤーGS頭：弓赤
ABレイヤーGP,AB,40,en-patch,ABレイヤーGP頭：剣赤 / ABレイヤーGP頭：弓赤
ネコダン,Nekodan,40,en-patch,ネコダンヘッド / ネコダンＦヘッド
グーダン,Gudan,40,en-patch,グーダンヘッド / グーダンＦヘッド
CEケブラーZP,CE,40,en-patch,CEケブラーZP頭：剣青 / CEケブラーZP頭：弓青
ABレイヤーZP,AB,40,en-patch,ABレイヤーZP頭：剣赤 / ABレイヤーZP頭：弓赤
オービス,Ukon,37,en-patch,オービスヘッド / オービスＦヘッド
ロット,Rott,37,romaji,ロットヘッド / ロットＦヘッド
アナキ,Anaki,36,romaji,アナキヘッド / アナキバンド
トリート,Tlit,36,romaji,トリートヘッド / トリートＦヘッド
ルキス,Lucis,36,en-patch,ルキスＦヘッド / ルキスHSヘッド
クラフト,Craft,35,en-patch,クラフトヘッド / クラフトＦヘッド
シエリー,Shieri,35,en-patch,シエリーヘルム / シエリーＦヘルム
エクセレ,Excelle,35,en-patch,エクセレヘルム / エクセレＦヘルム
モスカバ,Moss,35,en-patch,モスカバヘルム / モスカバＦヘルム
タングス,Tangusu,35,en-patch,タングスヘッド / タングスＦヘッド
ハロキュ,Harokyu,35,en-patch,ハロキュヘッド / ハロキュＦヘッド
キャリッジ,Carriage,35,en-patch,キャリッジヘッド / キャリッジＦヘッド
マーブル,Marble,35,en-patch,マーブルヘッド / マーブルＦヘッド
バンケット,Banquet,35,en-patch,バンケットヘッド / バンケットＦヘッド
蒼ノ剣雄,Sword,35,en-patch,蒼ノ剣雄ヘルム / 蒼ノ剣雄Ｆヘルム
紅ノ双星,Twin,35,en-patch,紅ノ双星ヘルム / 紅ノ双星Ｆヘルム
黒ノ天剣,Heaven,35,en-patch,黒ノ天剣ヘルム / 黒ノ天剣Ｆヘルム
茜ノ春刀,Spring,35,en-patch,茜ノ春刀ヘルム / 茜ノ春刀Ｆヘルム
菊ノ乱鎚,Riot,35,en-patch,菊ノ乱鎚ヘルム / 菊ノ乱鎚Ｆヘルム
桜ノ歌笛,Song,35,en-patch,桜ノ歌笛ヘルム / 桜ノ歌笛Ｆヘルム
空ノ砕槍,Crush,35,en-patch,空ノ砕槍ヘルム / 空ノ砕槍Ｆヘルム
宵ノ告槍,Scream,35,en-patch,宵ノ告槍ヘルム / 宵ノ告槍Ｆヘルム
白ノ穿光,Light,35,en-patch,白ノ穿光ヘルム / 白ノ穿光Ｆヘルム
藤ノ彩斧,Colour,35,en-patch,藤ノ彩斧ヘルム / 藤ノ彩斧Ｆヘルム
陽ノ砲銃,Blast,35,en-patch,陽ノ砲銃キャップ / 陽ノ砲銃Ｆキャップ
地ノ崩砲,Crush,35,en-patch,地ノ崩砲キャップ / 地ノ崩砲Ｆキャップ
夜ノ弓聖,Bow,35,en-patch,夜ノ弓聖キャップ / 夜ノ弓聖Ｆキャップ
ブレオ,Breo,34,en-patch,ブレオヘッド / ブレオピアス
ディレット,Diletto,30,en-patch,ディレットピアス / ディレットＦピアス
クォート,Quote,30,en-patch,クォートピアス / クォートＦピアス
ククボ,Kukubo,30,en-patch,ククボヘッド / ククボＦヘッド
コバルタ,Kobaruta,30,en-patch,コバルタキャップ / コバルタＦキャップ
アルゴル,Algol,30,en-patch,アルゴルＦヘルム / アルゴルFXヘルム
ホープ,Hope,30,en-patch,ホープヘルム / ホープＧヘルム
ポカラ,Pokara,30,monster,ポカラＧヘルム / ポカラＧキャップ
ファルノ,Farunokku,30,en-patch,ファルノＧヘルム / ファルノＧキャップ
ディス,Disu,30,en-patch,ディスＧヘルム / ディスGXヘルム
ヴェラン,Veran,30,romaji,ヴェランヘルム / ヴェランＦヘルム
ジンオウ,Zinogre,30,en-patch,ジンオウヘルム / ジンオウＧヘルム
バンギス,Vangis,30,en-patch,バンギスヘルム / バンギスＧヘルム
ブラキ,Brachy,30,en-patch,ブラキヘルム / ブラキＧヘルム
ベリオ,Barioth,30,en-patch,ベリオヘルム / ベリオＧヘルム
ドラギュ,Doragyurosu,30,en-patch,ドラギュＧヘルム / ドラギュGXヘルム
ガンキン,Uragaan,30,en-patch,ガンキンヘルム / ガンキンＧヘルム
ナルガ,Nargacuga,30,en-patch,ナルガヘルム / ナルガＧヘルム
獄狼,Stygian,30,en-patch,獄狼ヘルム / 獄狼Ｇヘルム
ゴア,Gore,30,en-patch,ゴアヘルム / ゴアＧヘルム
シャガル,Shagaru,30,en-patch,シャガルヘルム / シャガルＧヘルム
エルゼ,Elzelion,30,en-patch,エルゼＧヘルム / エルゼGXヘルム
レギオス,Seregios,30,en-patch,レギオスヘルム / レギオスＧヘルム
ルージュ,Rouge,28,en-patch,ルージュピアス / ルージュＦピアス
ディクト,Dicto,28,en-patch,ディクトヘッド / ディクトＦヘッド
クリュス,Kruss,28,en-patch,クリュスヘッド / クリュスＦヘッド
ガウシカ,Anteka,28,monster,ガウシカヘッド / ガウシカＦヘッド
オトノ,Otono,28,en-patch,オトノヘッド / オトノＦヘッド
神龍,,28,unresolved,神龍篭手・赤 / 神龍Ｆ篭手・赤
裂破,,28,unresolved,裂破篭手・赤 / 裂破Ｆ篭手・赤
エスピ,Espi,27,romaji,エスピマスク・緑 / エスピＦマスク・緑
ギルドガード,Guild,26,en-patch,ギルドガードマスク紅 / ギルドガードハット紅
Ｇ・ガードＲ,Guild,26,en-patch,Ｇ・ガードＲハット蒼 / Ｇ・ガードＲマスク蒼
白蘭・剣聖,,26,unresolved,白蘭・剣聖ヘルム / 白蘭・剣聖Ｆヘルム
紅霞・剣聖,,26,unresolved,紅霞・剣聖ヘルム / 紅霞・剣聖Ｆヘルム
白蘭・双龍,,26,unresolved,白蘭・双龍ヘルム / 白蘭・双龍Ｆヘルム
紅霞・双龍,,26,unresolved,紅霞・双龍ヘルム / 紅霞・双龍Ｆヘルム
白蘭・剣王,,26,unresolved,白蘭・剣王ヘルム / 白蘭・剣王Ｆヘルム
紅霞・剣王,,26,unresolved,紅霞・剣王ヘルム / 紅霞・剣王Ｆヘルム
白蘭・刀神,,26,unresolved,白蘭・刀神ヘルム / 白蘭・刀神Ｆヘルム
紅霞・刀神,,26,unresolved,紅霞・刀神ヘルム / 紅霞・刀神Ｆヘルム
白蘭・鈍器獣,,26,unresolved,白蘭・鈍器獣ヘルム / 白蘭・鈍器獣Ｆヘルム
紅霞・鈍器獣,,26,unresolved,紅霞・鈍器獣ヘルム / 紅霞・鈍器獣Ｆヘルム
白蘭・奏帝,,26,unresolved,白蘭・奏帝ヘルム / 白蘭・奏帝Ｆヘルム
紅霞・奏帝,,26,unresolved,紅霞・奏帝ヘルム / 紅霞・奏帝Ｆヘルム
白蘭・天槍,,26,unresolved,白蘭・天槍ヘルム / 白蘭・天槍Ｆヘルム
紅霞・天槍,,26,unresolved,紅霞・天槍ヘルム / 紅霞・天槍Ｆヘルム
白蘭・砲皇,,26,unresolved,白蘭・砲皇ヘルム / 白蘭・砲皇Ｆヘルム
紅霞・砲皇,,26,unresolved,紅霞・砲皇ヘルム / 紅霞・砲皇Ｆヘルム
白蘭・穿凰,,26,unresolved,白蘭・穿凰ヘルム / 白蘭・穿凰Ｆヘルム
紅霞・穿凰,,26,unresolved,紅霞・穿凰ヘルム / 紅霞・穿凰Ｆヘルム
白蘭・銃仙,,26,unresolved,白蘭・銃仙マスク / 白蘭・銃仙Ｆマスク
紅霞・銃仙,,26,unresolved,紅霞・銃仙マスク / 紅霞・銃仙Ｆマスク
白蘭・銃傑,,26,unresolved,白蘭・銃傑マスク / 白蘭・銃傑Ｆマスク
紅霞・銃傑,,26,unresolved,紅霞・銃傑マスク / 紅霞・銃傑Ｆマスク
白蘭・弓鬼,,26,unresolved,白蘭・弓鬼マスク / 白蘭・弓鬼Ｆマスク
紅霞・弓鬼,,26,unresolved,紅霞・弓鬼マスク / 紅霞・弓鬼Ｆマスク
白蘭・斬将,,26,unresolved,白蘭・斬将ヘルム / 白蘭・斬将Ｆヘルム
紅霞・斬将,,26,unresolved,紅霞・斬将ヘルム / 紅霞・斬将Ｆヘルム
白蘭・磁星,,26,unresolved,白蘭・磁星ヘルム / 白蘭・磁星Ｆヘルム
紅霞・磁星,,26,unresolved,紅霞・磁星ヘルム / 紅霞・磁星Ｆヘルム
ノワール,Noir,25,en-patch,ノワールヘッド / ノワールピアス
クロウリー,Klouri,25,romaji,クロウリーヘッド・赤 / クロウリーヘッド・黒
ファウスト,Faust,25,romaji,ファウストハット・赤 / ファウストハット・黒
アネシス,Aneshisu,25,en-patch,アネシスヘルム / アネシスキャップ
ヒメロス,Himeros,25,en-patch,ヒメロスヘルム / ヒメロスＦヘルム
カリエン,Charien,25,en-patch,カリエンキャップ / カリエンＦキャップ
ルディア,Ledia,25,en-patch,ルディアヘッド / ルディアＦヘッド
シュナイト,Schnite,25,en-patch,シュナイトピアス / シュナイトFZピアス
ザーカー,Zaakaa,25,en-patch,ザーカーヘッド / ザーカーＦヘッド
アトラ,Atra,25,en-patch,アトラヘルム / アトラＦヘルム
プペン,Pupen,25,en-patch,プペンヘルム / プペンＦヘルム
ルデオス,Rudeos,25,en-patch,ルデオスヘルム / ルデオスＦヘルム
オルケシス,Orchesis,25,en-patch,オルケシスヘルム / オルケシスＦヘルム
オネロ,Onero,25,en-patch,オネロヘルム / オネロキャップ
ヒガクレ,Higakure,25,en-patch,ヒガクレＧヘルム / ヒガクレGXヘルム
コンセル,Konseru,25,en-patch,コンセルＧヘルム / コンセルGXヘルム
エントラ,Entora,25,en-patch,エントラＧヘルム / エントラGXヘルム
フロガダ,Furogada,25,en-patch,フロガダＧヘッド / フロガダGXヘッド
リアルオ,Riaruo,25,en-patch,リアルオＧヘルム / リアルオGXヘルム
レウアス,Reuasu,25,en-patch,レウアスＧヘルム / レウアスGXヘルム
レイレス,Reiresu,25,en-patch,レイレスＧヘルム / レイレスGXヘルム
チャトレ,Chatore,25,en-patch,チャトレＧヘルム / チャトレGXヘルム
アルミュ,Arumyu,25,en-patch,アルミュＧヘッド / アルミュGXヘッド
リエブレ,Liebre,25,en-patch,リエブレＧヘルム / リエブレGXヘルム
フォンセ,Fonse,25,en-patch,フォンセＧヘルム / フォンセGXヘルム
リズヴェ,Rizuvue,25,en-patch,リズヴェＧヘルム / リズヴェGXヘルム
カリヴァ,Cariva,25,en-patch,カリヴァＧヘルム / カリヴァGXヘルム
ボンネ,Bonne,25,en-patch,ボンネＧヘルム / ボンネGXヘルム
ビーター,Bita,25,en-patch,ビーターＧヘルム / ビーターGXヘルム
コレプト,Koreputo,25,en-patch,コレプトＧヘルム / コレプトGXヘルム
ラファン,Rapin,25,en-patch,ラファンＧヘルム / ラファンGXヘルム
エリュシ,Elysi,25,en-patch,エリュシＧヘルム / エリュシGXヘルム
しろねこ服,Cat,24,en-patch,しろねこ服マスク / しろねこ服Ｆマスク
スマート,Smart,24,en-patch,スマートヘッド / スマートＦヘッド
オルデン,Orden,24,en-patch,オルデンヘッド / オルデンハット
ブラン,Buran,24,en-patch,ブランピアス / ブランヘッド
ルコ,Ruko,24,en-patch,ルコヘッド / ルコＦヘッド
ロドクル,Rodokuru,24,en-patch,ロドクルヘッド / ロドクルＦヘッド
ランセ,Rance,24,en-patch,ランセＧヘッド / ランセGXヘッド
ニンファ,Nympha,24,en-patch,ニンファＧヘルム / ニンファGXヘルム
ギルドバード,Guild,24,en-patch,ギルドバードハット / ギルドバードＧハット
シウス,Shiusu,24,en-patch,シウスＧヘッド / シウスGXヘッド
チール,Chiru,24,en-patch,チールＧヘッド / チールGXヘッド
ガネト,Ganeto,24,en-patch,ガネトＧヘッド / ガネトGXヘッド
竜巻,,24,unresolved,竜巻篭手・黒 / 竜巻Ｆ篭手・黒
真空,,24,unresolved,真空篭手・黒 / 真空Ｆ篭手・黒
サンタ,Santa,22,en-patch,サンタＦヘッド / サンタＤヘッド
キャノン,Kyanon,21,romaji,キャノンスーツ・緑 / キャノンＦスーツ・緑
アクセル,Aksel,21,romaji,アクセルスーツ・緑 / アクセルＦスーツ・緑
ギアノス,Giaprey,20,monster,ギアノスヘルム / ギアノスキャップ
タロスＵ,Hornetaur,20,en-patch,タロスＵヘルム / タロスＵキャップ
コムラド,Comrade,20,en-patch,コムラドヘルム【猩】 / コムラドヘルム【葉】
アプカル,Apkallu,20,en-patch,アプカルヘルム / アプカルキャップ
アミティエ,Amitie,20,en-patch,アミティエヘッド / アミティエハット
トランス,Trance,20,en-patch,トランスピアス / トランスＦピアス
ブレシス,Bureshisu,20,en-patch,ブレシスヘルム / ブレシスＦヘルム
アーク,Arc,20,en-patch,アークヘルム / アークキャップ
レギス,Regis,20,en-patch,レギスヘッド / レギスＦヘッド
ローク,Rok,20,romaji,ロークヘルム / ロークキャップ
リエーザ,Rieza,20,romaji,リエーザヘッド / リエーザＦヘッド
デゼール,Desert,20,en-patch,デゼールヘッド / デゼールＦヘッド
ハーヴェスト,Harvest,20,en-patch,ハーヴェストヘッド / ハーヴェストピアス
テューン,Tune,20,en-patch,テューンヘッド / テューンFZヘッド
ハルバダー,Harubadaa,20,en-patch,ハルバダーヘッド / ハルバダーＦヘッド
トラッカー,Tracker,20,en-patch,トラッカーキャップ / トラッカーＦキャップ
チェイサー,Chaser,20,en-patch,チェイサーキャップ / チェイサーＦキャップ
ロイヤル,Royal,20,en-patch,ロイヤルヘッド / ロイヤルＦヘッド
ロード,Lord,20,en-patch,ロードキャップ / ロードＦキャップ
ベルドラ,Berdla,20,romaji,ベルドラヘルム / ベルドラキャップ
スフィア,Sufia,20,en-patch,スフィアヘッド / スフィアＦヘッド
ガーネット,Garnet,20,en-patch,ガーネットヘルム / ガーネットＦヘルム
アメジスト,Amethyst,20,en-patch,アメジストヘルム / アメジストＦヘルム
コーラル,Coral,20,en-patch,コーラルヘルム / コーラルＦヘルム
クォーツ,Quartz,20,en-patch,クォーツヘルム / クォーツＦヘルム
ルビー,Ruby,20,en-patch,ルビーヘルム / ルビーＦヘルム
サファイア,Sapphire,20,en-patch,サファイアヘルム / サファイアＦヘルム
エメラルド,Emerard,20,romaji,エメラルドヘルム / エメラルドＦヘルム
パール,Pearl,20,en-patch,パールヘルム / パールＦヘルム
トパーズ,Topaz,20,en-patch,トパーズキャップ / トパーズＦキャップ
トルマリン,Tourmaline,20,en-patch,トルマリンキャップ / トルマリンＦキャップ
ラピス,Lapis,20,en-patch,ラピスキャップ / ラピスＦキャップ
フェリ,Feri,20,romaji,フェリヘルム / フェリＦヘルム
ジャンピン,Jumpin',20,en-patch,ジャンピンバンド / ジャンピンＦバンド
アデュス,Adeyus,20,romaji,アデュスヘルム / アデュスＦヘルム
ワグネ,Wagune,20,en-patch,ワグネヘッド / ワグネＦヘッド
クロッス,Kurossu,20,en-patch,クロッスヘッド / クロッスＦヘッド
ルベライト,Rubellite,20,en-patch,ルベライトヘルム / ルベライトＦヘルム
ラズライト,Lazurite,20,en-patch,ラズライトヘルム / ラズライトＦヘルム
ジルコン,Zircon,20,en-patch,ジルコンヘルム / ジルコンＦヘルム
スピネル,Spinel,20,en-patch,スピネルヘルム / スピネルＦヘルム
パイローブ,Pyrope,20,en-patch,パイローブヘルム / パイローブＦヘルム
アイオラ,Iolite,20,en-patch,アイオラヘルム / アイオラＦヘルム
ジェイド,Jeid,20,romaji,ジェイドヘルム / ジェイドＦヘルム
アゲート,Agate,20,en-patch,アゲートヘルム / アゲートＦヘルム
シトリン,Citrine,20,en-patch,シトリンキャップ / シトリンＦキャップ
ペリドット,Peridot,20,en-patch,ペリドットキャップ / ペリドットＦキャップ
ターコイズ,Turquoise,20,en-patch,ターコイズキャップ / ターコイズＦキャップ
ピエトラ,Pietra,20,en-patch,ピエトラＧヘルム / ピエトラＧキャップ
ヘッジ,Hyuji,20,en-patch,ヘッジＧヘルム / ヘッジＧキャップ
ロウセス,Roses,20,en-patch,ロウセスＧヘルム / ロウセスＧキャップ
サベージ,Giaorugu,20,en-patch,サベージＧヘルム / サベージGXヘルム
トルペド,Torpedo,20,en-patch,トルペドＧヘルム / トルペドGXヘルム
グラビデ,Gravios,20,en-patch,グラビデＧヘルム / グラビデGXヘルム
ルナ,Lune,20,en-patch,ルナＧヘルム / ルナGXヘルム
プランダ,Plunder,20,en-patch,プランダＧヘルム / プランダGXヘルム
アフティ,Afti,20,en-patch,アフティＧヘルム / アフティGXヘルム
ブリゼGF,Blize,20,en-patch,ブリゼGFヘルム / ブリゼGFキャップ
ジェビア,Jebia,20,en-patch,ジェビアＧヘルム / ジェビアGXヘルム
ソル,Sol,20,en-patch,ソルＧヘルム / ソルGXヘルム
ヒスイ,Hisui,20,en-patch,ヒスイヘルム / ヒスイＦヘルム
ブラッド,Blood,20,en-patch,ブラッドヘルム / ブラッドＦヘルム
フルン,Khezu,20,en-patch,フルンＧヘルム / フルンGXヘルム
ヴェノム,Venom,20,en-patch,ヴェノムＧヘルム / ヴェノムGXヘルム
ガノン,Plesioth,20,en-patch,ガノンＧヘルム / ガノンGXヘルム
ヒプック,Bright,20,en-patch,ヒプックＧヘルム / ヒプックGXヘルム
アビ,Abi,20,en-patch,アビＧヘルム / アビGXヘルム
ディアース,Diablos,20,en-patch,ディアースＧヘルム / ディアースGXヘルム
ヴォラ,Volga,20,en-patch,ヴォラＧヘルム / ヴォラGXヘルム
ヒプシー,Hypnoc,20,en-patch,ヒプシーＧヘルム / ヒプシーGXヘルム
ウィル,Will,20,en-patch,ウィルＧヘッド / ウィルGXヘッド
ククス,Kut,20,en-patch,ククスＧヘルム / ククスGXヘルム
オニキス,Onyx,20,en-patch,オニキスヘルム / オニキスＦヘルム
ルチル,Rutile,20,en-patch,ルチルヘルム / ルチルＦヘルム
アンジュ,Saint,20,en-patch,アンジュＧヘルム / アンジュGXヘルム
ヒプノZ,Hypnoc,20,en-patch,ヒプノZFヘルム / ヒプノZFキャップ
フルフルZ,Khezu,20,en-patch,フルフルZFヘルム / フルフルZFキャップ
ザザミZ,Hermitaur,20,en-patch,ザザミZFヘルム / ザザミZFキャップ
ゼナ,Zena,20,en-patch,ゼナＧヘッド / ゼナGXヘッド
レウスZ,Rathalos,20,en-patch,レウスZFヘルム / レウスZFキャップ
ブランゴZ,Blango,20,en-patch,ブランゴZFヘルム / ブランゴZFキャップ
ヴァシムZ,Vashimu,20,en-patch,ヴァシムZFヘルム / ヴァシムZFキャップ
レックスZ,Tigrex,20,en-patch,レックスZFヘルム / レックスZFキャップ
ヒュジZ,Hyujikiki,20,en-patch,ヒュジZFヘルム / ヒュジZFキャップ
ギアZ,Gear,20,en-patch,ギアZFヘルム / ギアZFキャップ
ミドZ,Midogaron,20,en-patch,ミドZFヘルム / ミドZFキャップ
ルコZ,Ruko,20,en-patch,ルコZFヘルム / ルコZFキャップ
ガノZ,Plesioth,20,en-patch,ガノZFヘルム / ガノZFキャップ
イナガミZ,Inagami,20,en-patch,イナガミZDヘルム / イナガミZFヘルム
CEケブラーＤ,CE,20,en-patch,CEケブラーＤ頭：剣青 / CEケブラーＤ頭：剣赤
ABレイヤーＤ,AB,20,en-patch,ABレイヤーＤ頭：剣赤 / ABレイヤーＤ頭：剣青
トリドZ,Toridcless,20,en-patch,トリドZFヘルム / トリドZFキャップ
ドラギュZ,Doragyurosu,20,en-patch,ドラギュZFヘルム / ドラギュZFキャップ
ガスラZ,Gasura,20,en-patch,ガスラZFヘルム / ガスラZFキャップ
カシウス,Cassius,20,en-patch,カシウスＧヘルム / カシウスGXヘルム
アノルZ,Anorupatisu,20,en-patch,アノルZDヘルム / アノルZDキャップ
リンクス,Lynx,20,en-patch,リンクスＧヘルム / リンクスGXヘルム
ジンドル,Zindol,20,en-patch,ジンドルＧヘルム / ジンドルGXヘルム
ボガバドZ,Bogabado,20,en-patch,ボガバドZFヘルム / ボガバドZFキャップ
タンザナ,Tanzanite,20,en-patch,タンザナヘルム / タンザナＦヘルム
ヘマタイト,Hematite,20,en-patch,ヘマタイトヘルム / ヘマタイトＦヘルム
バルラZ,Baruragaru,20,en-patch,バルラZFヘルム / バルラZFキャップ
グラビZ,Gravios,20,en-patch,グラビZFヘルム / グラビZFキャップ
ザムザZ,Zamuza,20,en-patch,ザムザZFヘルム / ザムザZFキャップ
ハルドZ,Harudo,20,en-patch,ハルドZFヘルム / ハルドZFキャップ
ルクス,Rks,18,romaji,ルクスヘッド / ルクスＦヘッド
テネール,Tenel,18,romaji,テネールヘッド / テネールＦヘッド
アトロ,Atlo,18,romaji,アトロヘッド / アトロＦヘッド
バット,Bat,18,en-patch,バットヘッド / バットＦヘッド
ナイト,Knight,18,en-patch,ナイトヘッド / ナイトＦヘッド
フランキー,Franky,18,en-patch,フランキーＧヘッド / フランキーGXヘッド
昇龍,,18,unresolved,昇龍篭手・白 / 昇龍Ｆ篭手・白
波動,,18,unresolved,波動篭手・白 / 波動Ｆ篭手・白
ブリッツ,Blitz,17,en-patch,ブリッツベスト / ブリッツＦベスト
レザーライト,Leather,16,en-patch,レザーライトヘルム / レザーライトＳヘルム
ルーキー,Rookie,16,en-patch,ルーキーヘルム【白】 / ルーキーヘルム【赤】
クロオビ,Kloobi,15,romaji,クロオビヘルム / クロオビＳヘルム
ガーディアン,Guardian,15,en-patch,ガーディアンヘルム / ガーディアンマスク
ウィダ,Uida,15,en-patch,ウィダヘッド / ウィダマスク
シャッセ,Shasse,15,en-patch,シャッセヘルム / シャッセキャップ
ジャガー,Jyaga,15,en-patch,ジャガーヘルム / ジャガーキャップ
白虎・剣聖,,15,unresolved,白虎・剣聖Ｇヘルム / 白虎・剣聖GXヘルム
朱雀・剣聖,,15,unresolved,朱雀・剣聖Ｇヘルム / 朱雀・剣聖GXヘルム
玄武・剣聖,,15,unresolved,玄武・剣聖Ｇヘルム / 玄武・剣聖GXヘルム
青龍・剣聖,,15,unresolved,青龍・剣聖Ｇヘルム / 青龍・剣聖GXヘルム
白虎・双龍,,15,unresolved,白虎・双龍Ｇヘルム / 白虎・双龍GXヘルム
朱雀・双龍,,15,unresolved,朱雀・双龍Ｇヘルム / 朱雀・双龍GXヘルム
玄武・双龍,,15,unresolved,玄武・双龍Ｇヘルム / 玄武・双龍GXヘルム
青龍・双龍,,15,unresolved,青龍・双龍Ｇヘルム / 青龍・双龍GXヘルム
白虎・剣王,,15,unresolved,白虎・剣王Ｇヘルム / 白虎・剣王GXヘルム
朱雀・剣王,,15,unresolved,朱雀・剣王Ｇヘルム / 朱雀・剣王GXヘルム
玄武・剣王,,15,unresolved,玄武・剣王Ｇヘルム / 玄武・剣王GXヘルム
青龍・剣王,,15,unresolved,青龍・剣王Ｇヘルム / 青龍・剣王GXヘルム
白虎・刀神,,15,unresolved,白虎・刀神Ｇヘルム / 白虎・刀神GXヘルム
朱雀・刀神,,15,unresolved,朱雀・刀神Ｇヘルム / 朱雀・刀神GXヘルム
玄武・刀神,,15,unresolved,玄武・刀神Ｇヘルム / 玄武・刀神GXヘルム
青龍・刀神,,15,unresolved,青龍・刀神Ｇヘルム / 青龍・刀神GXヘルム
白虎・天槍,,15,unresolved,白虎・天槍Ｇヘルム / 白虎・天槍GXヘルム
朱雀・天槍,,15,unresolved,朱雀・天槍Ｇヘルム / 朱雀・天槍GXヘルム
玄武・天槍,,15,unresolved,玄武・天槍Ｇヘルム / 玄武・天槍GXヘルム
青龍・天槍,,15,unresolved,青龍・天槍Ｇヘルム / 青龍・天槍GXヘルム
白虎・砲皇,,15,unresolved,白虎・砲皇Ｇヘルム / 白虎・砲皇GXヘルム
朱雀・砲皇,,15,unresolved,朱雀・砲皇Ｇヘルム / 朱雀・砲皇GXヘルム
玄武・砲皇,,15,unresolved,玄武・砲皇Ｇヘルム / 玄武・砲皇GXヘルム
青龍・砲皇,,15,unresolved,青龍・砲皇Ｇヘルム / 青龍・砲皇GXヘルム
白虎・鈍器獣,,15,unresolved,白虎・鈍器獣Ｇヘルム / 白虎・鈍器獣GXヘルム
朱雀・鈍器獣,,15,unresolved,朱雀・鈍器獣Ｇヘルム / 朱雀・鈍器獣GXヘルム
玄武・鈍器獣,,15,unresolved,玄武・鈍器獣Ｇヘルム / 玄武・鈍器獣GXヘルム
青龍・鈍器獣,,15,unresolved,青龍・鈍器獣Ｇヘルム / 青龍・鈍器獣GXヘルム
白虎・奏帝,,15,unresolved,白虎・奏帝Ｇヘルム / 白虎・奏帝GXヘルム
朱雀・奏帝,,15,unresolved,朱雀・奏帝Ｇヘルム / 朱雀・奏帝GXヘルム
玄武・奏帝,,15,unresolved,玄武・奏帝Ｇヘルム / 玄武・奏帝GXヘルム
青龍・奏帝,,15,unresolved,青龍・奏帝Ｇヘルム / 青龍・奏帝GXヘルム
白虎・銃傑,,15,unresolved,白虎・銃傑Ｇマスク / 白虎・銃傑GXマスク
朱雀・銃傑,,15,unresolved,朱雀・銃傑Ｇマスク / 朱雀・銃傑GXマスク
玄武・銃傑,,15,unresolved,玄武・銃傑Ｇマスク / 玄武・銃傑GXマスク
青龍・銃傑,,15,unresolved,青龍・銃傑Ｇマスク / 青龍・銃傑GXマスク
白虎・銃仙,,15,unresolved,白虎・銃仙Ｇマスク / 白虎・銃仙GXマスク
朱雀・銃仙,,15,unresolved,朱雀・銃仙Ｇマスク / 朱雀・銃仙GXマスク
玄武・銃仙,,15,unresolved,玄武・銃仙Ｇマスク / 玄武・銃仙GXマスク
青龍・銃仙,,15,unresolved,青龍・銃仙Ｇマスク / 青龍・銃仙GXマスク
白虎・弓鬼,,15,unresolved,白虎・弓鬼Ｇマスク / 白虎・弓鬼GXマスク
朱雀・弓鬼,,15,unresolved,朱雀・弓鬼Ｇマスク / 朱雀・弓鬼GXマスク
玄武・弓鬼,,15,unresolved,玄武・弓鬼Ｇマスク / 玄武・弓鬼GXマスク
青龍・弓鬼,,15,unresolved,青龍・弓鬼Ｇマスク / 青龍・弓鬼GXマスク
白虎・穿凰,,15,unresolved,白虎・穿凰Ｇヘルム / 白虎・穿凰GXヘルム
朱雀・穿凰,,15,unresolved,朱雀・穿凰Ｇヘルム / 朱雀・穿凰GXヘルム
玄武・穿凰,,15,unresolved,玄武・穿凰Ｇヘルム / 玄武・穿凰GXヘルム
青龍・穿凰,,15,unresolved,青龍・穿凰Ｇヘルム / 青龍・穿凰GXヘルム
白虎・斬将,,15,unresolved,白虎・斬将Ｇヘルム / 白虎・斬将GXヘルム
朱雀・斬将,,15,unresolved,朱雀・斬将Ｇヘルム / 朱雀・斬将GXヘルム
玄武・斬将,,15,unresolved,玄武・斬将Ｇヘルム / 玄武・斬将GXヘルム
青龍・斬将,,15,unresolved,青龍・斬将Ｇヘルム / 青龍・斬将GXヘルム
セイラー,Sailor,15,en-patch,セイラーキャップ / セイラーＧキャップ
カタンテ,Katante,15,en-patch,カタンテＺヘルム / カタンテＺキャップ
リカンテ,Rikante,15,en-patch,リカンテＺヘルム / リカンテＺキャップ
ドゥンル,Donru,15,en-patch,ドゥンルGXヘルム / ドゥンルGXキャップ
コリニィ,Korinyi,15,en-patch,コリニィＺバンド / コリニィＺヘッド
メレンテ,Merente,15,en-patch,メレンテＺヘルム / メレンテＺキャップ
ウタンテ,Utante,15,en-patch,ウタンテＺヘルム / ウタンテＺキャップ
フランテ,Furante,15,en-patch,フランテＺヘルム / フランテＺキャップ
白虎・磁星,,15,unresolved,白虎・磁星Ｇヘルム / 白虎・磁星GXヘルム
朱雀・磁星,,15,unresolved,朱雀・磁星Ｇヘルム / 朱雀・磁星GXヘルム
玄武・磁星,,15,unresolved,玄武・磁星Ｇヘルム / 玄武・磁星GXヘルム
青龍・磁星,,15,unresolved,青龍・磁星Ｇヘルム / 青龍・磁星GXヘルム
グリディ,Guridi,15,en-patch,グリディＺヘルム / グリディＺキャップ
シフニィ,Shifunyi,15,en-patch,シフニィＺバンド / シフニィＺヘッド
シャンル,Shanru,15,en-patch,シャンルＺヘルム / シャンルＺキャップ
ファンル,Fanru,15,en-patch,ファンルＺヘルム / ファンルＺキャップ
ミュンル,Myunru,15,en-patch,ミュンルＺヘルム / ミュンルＺキャップ
デストラ,Desutora,14,en-patch,デストラＤヘルム / デストラGSヘルム
チェーン,Chainmail,13,en-patch,チェーンヘルム / チェーンＳヘルム
ヒプノルータ,Hipnorta,13,romaji,ヒプノルータヘッド / ヒプノルータピアス
エス・クェラ,Es,13,en-patch,エス・クェラヘッド / エス・クェラピアス
ヒプノリア,Hypnolia,13,en-patch,ヒプノリアヘッド / ヒプノリアピアス
ガンズ,Guns,13,en-patch,ガンズヘッド / ガンズピアス
エコール,Ecole,13,en-patch,エコールヘッド / エコールピアス
アグリア,Agria,13,en-patch,アグリアヘッド / アグリアピアス
フォーヴ,Fauve,13,en-patch,フォーヴヘッド / フォーヴピアス
ティーア,Tia,13,romaji,ティーアヘッド / ティーアピアス
ドラゴン,Dragon,12,en-patch,ドラゴンヘッド / ドラゴンＳヘッド
ハイメタＵ,High,12,en-patch,ハイメタＵヘルム / ハイメタＵキャップ
ゴシック,Gothic,12,en-patch,ゴシックピアス / ゴシックＦピアス
あかねこ服,Cat,12,en-patch,あかねこ服マスク / あかねこ服Ｆマスク
オルテモ,Orutemo,12,en-patch,オルテモＦヘッド / オルテモＦハット
ディーナ,Diina,12,en-patch,ディーナヘッド / ディーナＦヘッド
スティール,Steel,12,en-patch,スティールメイル / スティールＳメイル
シェル,Shell,12,en-patch,シェルスーツ / シェルＦスーツ
ベクター,Vector,12,en-patch,ベクタースーツ / ベクターＦスーツ
キリン,Kirin,11,monster,キリンベスト / キリンＳベスト
ハンターＵ,Hunter's,10,en-patch,ハンターＵヘルム / ハンターＵキャップ
ボーンＵ,Bone,10,en-patch,ボーンＵヘルム / ボーンＵキャップ
バトルＵ,Battle,10,en-patch,バトルＵヘルム / バトルＵキャップ
ランゴＵ,Vespoid,10,en-patch,ランゴＵヘルム / ランゴＵキャップ
ゲネポスＵ,Gen,10,en-patch,ゲネポスＵヘルム / ゲネポスＵキャップ
イーオスＵ,Io,10,en-patch,イーオスＵヘルム / イーオスＵキャップ
ゲリョスＵ,Gypceros,10,en-patch,ゲリョスＵヘルム / ゲリョスＵキャップ
ガレオスＵ,Cepha,10,en-patch,ガレオスＵヘルム / ガレオスＵキャップ
フルフルＵ,Khezu,10,en-patch,フルフルＵヘルム / フルフルＵキャップ
バサルＵ,Basarios,10,en-patch,バサルＵヘルム / バサルＵキャップ
ディアブロＵ,Diablos,10,en-patch,ディアブロＵヘルム / ディアブロＵキャップ
グラビドＵ,Gravios,10,en-patch,グラビドＵヘルム / グラビドＵキャップ
ガーディアンＵ,Guardian,10,en-patch,ガーディアンＵヘルム / ガーディアンＵマスク
ゴールドルナ,Golden,10,en-patch,ゴールドルナヘルム / ゴールドルナキャップ
シルバーソル,Sol,10,en-patch,シルバーソルヘルム / シルバーソルキャップ
ザザミＵ,Hermitaur,10,en-patch,ザザミＵヘルム / ザザミＵキャップ
コンガＵ,Conga,10,en-patch,コンガＵヘルム / コンガＵキャップ
ブランゴＵ,Blango,10,en-patch,ブランゴＵヘルム / ブランゴＵキャップ
ギザミＵ,Ceanataur,10,en-patch,ギザミＵヘルム / ギザミＵキャップ
クックＵ,Kut-Ku,10,en-patch,クックＵヘルム / クックＵキャップ
ヒプノＵ,Hypnoc,10,en-patch,ヒプノＵヘルム / ヒプノＵキャップ
ギアノスＵ,Gia,10,en-patch,ギアノスＵヘルム / ギアノスＵキャップ
ラヴァＵ,Lavasioth,10,en-patch,ラヴァＵヘルム / ラヴァＵキャップ
プロクス,Purokusu,10,en-patch,プロクスピアス / プロクスＦピアス
クレネス,Kurenesu,10,en-patch,クレネスピアス / クレネスＦピアス
スィーニ,Suini,10,en-patch,スィーニピアス / スィーニＦピアス
グラース,Guraasu,10,en-patch,グラースハール / グラースＦハール
フォルトゥ,Forutu,10,en-patch,フォルトゥピアス / フォルトゥＦピアス
ファキル,Fakiru,10,en-patch,ファキルピアス / ファキルＦピアス
バラバン,Baraban,10,en-patch,バラバンピアス / バラバンＦピアス
スフェラ,Sufera,10,en-patch,スフェラハール / スフェラＦハール
Ｃｏｒｅ,Core,10,en-patch,Ｃｏｒｅヘルム / Ｃｏｒｅキャップ
キノス,Kinosu,10,en-patch,キノスヘルム / キノスＤヘルム
アスハルテ,Ashalt,10,en-patch,アスハルテヘッド / アスハルテマスク
ソルダート,Soldato,10,en-patch,ソルダートヘッド / ソルダートマスク
ゲイブル,Gable,10,en-patch,ゲイブルヘッド / ゲイブルマスク
スティーダ,Stida,10,romaji,スティーダヘッド / スティーダマスク
フィデル,Fidel,10,romaji,フィデルピアス / フィデルＦピアス
ファクト,Fakt,10,romaji,ファクトピアス / ファクトＦピアス
シュロス,Shuros,10,romaji,シュロスピアス / シュロスＦピアス
アエトス,Aets,10,romaji,アエトスハール / アエトスＦハール
ヴェルス,Vers,10,romaji,ヴェルスピアス / ヴェルスＦピアス
フラント,Flant,10,romaji,フラントピアス / フラントＦピアス
セリュー,Serieux,10,en-patch,セリューピアス / セリューＦピアス
ウェネス,Wenes,10,romaji,ウェネスハール / ウェネスＦハール
ヴィリヴラ,Virivla,10,romaji,ヴィリヴラヘッド / ヴィリヴラマスク
アングリフ,Angriff,10,en-patch,アングリフヘッド / アングリフマスク
シュッツ,Schutz,10,en-patch,シュッツヘッド / シュッツマスク
ヒルフェ,Hilfe,10,en-patch,ヒルフェヘッド / ヒルフェマスク
アセルス,Asers,10,romaji,アセルスヘッド / アセルスＦヘッド
スクラ,Skla,10,romaji,スクラヘッド / スクラＦヘッド
ファルム,Farm,10,romaji,ファルムヘッド / ファルムＦヘッド
スディブ,Sdib,10,romaji,スディブヘッド / スディブＦヘッド
フィブラ,Fibla,10,romaji,フィブラヘッド / フィブラＦヘッド
リガス,Rigas,10,romaji,リガスヘッド / リガスＦヘッド
ゲレール,Gerel,10,romaji,ゲレールヘッド / ゲレールＦヘッド
レーラー,Rera,10,romaji,レーラーヘッド / レーラーＦヘッド
フェサー,Fesa,10,romaji,フェサーヘッド / フェサーＦヘッド
シアンス,Shians,10,romaji,シアンスハット / シアンスＦハット
シデロ,Shidero,10,romaji,シデロヘルム / シデロＦヘルム
オール,Ol,10,romaji,オールヘルム / オールＦヘルム
メタロ,Metaro,10,romaji,メタロヘルム / メタロＦヘルム
アルジャ,Arja,10,romaji,アルジャマスク / アルジャＦマスク
エクスト,Ekst,10,romaji,エクストヘルム / エクストキャップ
コカロ,Kokaro,10,romaji,コカロヘルム / コカロキャップ
ウルバヌ,Urbanu,10,romaji,ウルバヌヘルム / ウルバヌＦヘルム
マグヌス,Magnus,10,romaji,マグヌスヘルム / マグヌスＦヘルム
ソレルス,Sorers,10,romaji,ソレルスヘルム / ソレルスＦヘルム
パルフェ,Parfe,10,romaji,パルフェマスク / パルフェＦマスク
アスティ,Asti,10,romaji,アスティヘルム / アスティＦヘルム
アガトン,Agatn,10,romaji,アガトンヘルム / アガトンＦヘルム
ランプロ,Ranplo,10,romaji,ランプロヘルム / ランプロＦヘルム
ソフィス,Sofis,10,romaji,ソフィスマスク / ソフィスＦマスク
フュルス,Fyurs,10,romaji,フュルスマスク / フュルスＦマスク
ネウロン,Neuron,10,romaji,ネウロンマスク / ネウロンＦマスク
ミスク,Misk,10,romaji,ミスクピアス / ミスクＦピアス
ラソス,Rasos,10,romaji,ラソスピアス / ラソスＦピアス
クルシッド,Klshidd,10,romaji,クルシッドヘルム / クルシッドＦヘルム
ヴェロシ,Veroshi,10,romaji,ヴェロシヘルム / ヴェロシＦヘルム
ケプト,Kept,10,romaji,ケプトヘルム / ケプトＦヘルム
ハウット,Hautt,10,romaji,ハウットマスク / ハウットＦマスク
ヴェンガ,Venga,10,romaji,ヴェンガヘルム / ヴェンガＦヘルム
スプリン,Splin,10,romaji,スプリンヘルム / スプリンＦヘルム
マシャル,Mashal,10,romaji,マシャルヘルム / マシャルＦヘルム
ペンブル,Penbl,10,romaji,ペンブルマスク / ペンブルＦマスク
ゴラエス,Goraes,10,romaji,ゴラエスヘルム / ゴラエスＦヘルム
バシリス,Bashiris,10,romaji,バシリスヘルム / バシリスＦヘルム
インジン,Injin,10,romaji,インジンヘルム / インジンＦヘルム
デクスタ,Dexter,10,en-patch,デクスタマスク / デクスタＦマスク
ジャッグ,Jagg,10,romaji,ジャッグヘルム / ジャッグＦヘルム
コンシラ,Konshira,10,romaji,コンシラヘルム / コンシラＦヘルム
プレデタ,Predator,10,en-patch,プレデタヘルム / プレデタＦヘルム
プリジド,Plijid,10,romaji,プリジドマスク / プリジドＦマスク
ヴェスナ,Vesna,10,romaji,ヴェスナヘッド / ヴェスナＦヘッド
ベラノ,Berano,10,romaji,ベラノヘッド / ベラノＦヘッド
カリフ,Karif,10,romaji,カリフヘッド / カリフＦヘッド
シター,Shita,10,romaji,シターマスク / シターＦマスク
コンセト,Konset,10,romaji,コンセトヘッド / コンセトＦヘッド
バステル,Bastel,10,romaji,バステルヘッド / バステルＦヘッド
カタフ,Kataf,10,romaji,カタフヘッド / カタフＦヘッド
ハネツァ,Hanetsa,10,romaji,ハネツァマスク / ハネツァＦマスク
フレイヤ,Freyja,10,en-patch,フレイヤヘッド / フレイヤピアス
アナトリ,Anatli,10,romaji,アナトリヘルム / アナトリキャップ
アレス,Ares,10,romaji,アレスヘッド / アレスＦヘッド
カリノ,Karino,10,romaji,カリノヘッド / カリノＦヘッド
ルルス,Rrs,10,romaji,ルルスヘッド / ルルスＦヘッド
ナーダ,Nada,10,en-patch,ナーダハット / ナーダＦハット
ロサ,Rosa,10,en-patch,ロサヘッド / ロサＦヘッド
ハオス,Haosu,10,en-patch,ハオスヘッド / ハオスＦヘッド
ミール,Miru,10,en-patch,ミールヘッド / ミールＦヘッド
パス,Pasu,10,en-patch,パスハット / パスＦハット
ジェアム,Jeamu,10,en-patch,ジェアムヘルム / ジェアムＦヘルム
アミュス,Amyusu,10,en-patch,アミュスヘルム / アミュスＦヘルム
クレバン,Clevan,10,en-patch,クレバンヘルム / クレバンＦヘルム
メテロス,Meterosu,10,en-patch,メテロスマスク / メテロスＦマスク
シプレル,Shipureru,10,en-patch,シプレルヘルム / シプレルＦヘルム
トレスパ,Toresupa,10,en-patch,トレスパヘルム / トレスパＦヘルム
ステラル,Suteraru,10,en-patch,ステラルヘルム / ステラルＦヘルム
ハキュラ,Hakyura,10,en-patch,ハキュラマスク / ハキュラＦマスク
ツヴィンガ,Zwinger,10,en-patch,ツヴィンガヘッド / ツヴィンガマスク
フルイト,Fluit,10,romaji,フルイトヘルム / フルイトＦヘルム
ゲレオン,Gereon,10,romaji,ゲレオンヘルム / ゲレオンＦヘルム
ケック,Kekk,10,romaji,ケックヘルム / ケックＦヘルム
ヘンフロ,Henflo,10,romaji,ヘンフロキャップ / ヘンフロＦキャップ
フリゲト,Fliget,10,romaji,フリゲトヘルム / フリゲトＦヘルム
バーク,Bak,10,romaji,バークヘルム / バークＦヘルム
ブリガン,Bligan,10,romaji,ブリガンヘルム / ブリガンＦヘルム
プラム,Plam,10,romaji,プラムキャップ / プラムＦキャップ
ルルディ,Rurudi,10,en-patch,ルルディヘッド / ルルディピアス
スケイナ,Skeina,10,romaji,スケイナヘルム / スケイナＦヘルム
ミッシナ,Misshina,10,romaji,ミッシナヘルム / ミッシナＦヘルム
プリース,Plis,10,romaji,プリースヘルム / プリースＦヘルム
レキトリ,Rekitli,10,romaji,レキトリキャップ / レキトリＦキャップ
マドニカ,Madnika,10,romaji,マドニカヘルム / マドニカＦヘルム
ヴィリヤ,Viriya,10,romaji,ヴィリヤヘルム / ヴィリヤＦヘルム
ラプラル,Raplal,10,romaji,ラプラルヘルム / ラプラルＦヘルム
サザール,Sazal,10,romaji,サザールキャップ / サザールＦキャップ
ヴェルフィ,Verfi,10,romaji,ヴェルフィヘルム / ヴェルフィキャップ
スイフド,Suifudo,10,en-patch,スイフドヘッド / スイフドＦヘッド
メロデス,Merodesu,10,en-patch,メロデスヘッド / メロデスＦヘッド
スマトス,Sumatosu,10,en-patch,スマトスヘッド / スマトスＦヘッド
パッシオ,Passhio,10,en-patch,パッシオハール / パッシオＦハール
フレイ,Flei,10,romaji,フレイヘッド / フレイピアス
クロノス,Klonos,10,romaji,クロノスヘッド / クロノスピアス
フラート,Flat,10,romaji,フラートヘッド / フラートＦヘッド
ナーレー,Nare,10,romaji,ナーレーヘッド / ナーレーＦヘッド
ヘイツ,Heits,10,romaji,ヘイツヘッド / ヘイツＦヘッド
レーング,Reng,10,romaji,レーングハール / レーングＦハール
シャッド,Shadd,10,romaji,シャッドヘッド / シャッドＦヘッド
フュージ,Fyuji,10,romaji,フュージヘッド / フュージＦヘッド
タニイ,Tanii,10,romaji,タニイヘッド / タニイＦヘッド
ミナム,Minam,10,romaji,ミナムハール / ミナムＦハール
デュスノ,Deyusno,10,romaji,デュスノＦヘルム / デュスノＦキャップ
ピエトラGF,Pietra,10,en-patch,ピエトラGFヘルム / ピエトラGFキャップ
ポカラGF,Pokara,10,en-patch,ポカラGFヘルム / ポカラGFキャップ
ザザミGF,Hermitaur,10,en-patch,ザザミGFヘルム / ザザミGFキャップ
クックGF,Kut-Ku,10,en-patch,クックGFヘルム / クックGFキャップ
ファルノGF,Farunokku,10,en-patch,ファルノGFヘルム / ファルノGFキャップ
ゲリョスGF,Gypceros,10,en-patch,ゲリョスGFヘルム / ゲリョスGFキャップ
コンガGF,Conga,10,en-patch,コンガGFヘルム / コンガGFキャップ
ヘッジGF,Hyuji,10,en-patch,ヘッジGFヘルム / ヘッジGFキャップ
バサルGF,Basarios,10,en-patch,バサルGFヘルム / バサルGFキャップ
レイアGF,Rathian,10,en-patch,レイアGFヘルム / レイアGFキャップ
ギザミGF,Ceanataur,10,en-patch,ギザミGFヘルム / ギザミGFキャップ
レウスGF,Rathalos,10,en-patch,レウスGFヘルム / レウスGFキャップ
ブランゴGF,Blango,10,en-patch,ブランゴGFヘルム / ブランゴGFキャップ
フルフルGF,Khezu,10,en-patch,フルフルGFヘルム / フルフルGFキャップ
ホープGF,Hope,10,en-patch,ホープGFヘルム / ホープGFキャップ
ロウセスGF,Roses,10,en-patch,ロウセスGFヘルム / ロウセスGFキャップ
マグシアGF,Gougarf,10,en-patch,マグシアGFヘルム / マグシアGFキャップ
サベージGF,Giaorugu,10,en-patch,サベージGFヘルム / サベージGFキャップ
グラビドGF,Gravios,10,en-patch,グラビドGFヘルム / グラビドGFキャップ
レックスGF,Tigrex,10,en-patch,レックスGFヘルム / レックスGFキャップ
パリアGF,Paria,10,en-patch,パリアGFヘルム / パリアGFキャップ
トルペドGF,Torpedo,10,en-patch,トルペドGFヘルム / トルペドGFキャップ
ラヴァGF,Lavasioth,10,en-patch,ラヴァGFヘルム / ラヴァGFキャップ
ガルルガGF,Garuga,10,en-patch,ガルルガGFヘルム / ガルルガGFキャップ
アクラGF,Vashimu,10,en-patch,アクラGFヘルム / アクラGFキャップ
グレンGF,Guren,10,en-patch,グレンGFヘルム / グレンGFキャップ
ディスGF,Disu,10,en-patch,ディスGFヘルム / ディスGFキャップ
レアー,Rea,10,romaji,レアーヘッド / レアーピアス
ハーデス,Hades,10,romaji,ハーデスヘッド / ハーデスピアス
ストレガGF,Strega,10,en-patch,ストレガGFヘルム / ストレガGFキャップ
ランポスGF,Veloci,10,en-patch,ランポスGFヘルム / ランポスGFキャップ
イーオスGF,Io,10,en-patch,イーオスGFヘルム / イーオスGFキャップ
ゲネポスGF,Gen,10,en-patch,ゲネポスGFヘルム / ゲネポスGFキャップ
ガレオスGF,Cepha,10,en-patch,ガレオスGFヘルム / ガレオスGFキャップ
ディアブロGF,Diablos,10,en-patch,ディアブロGFヘルム / ディアブロGFキャップ
ガノスGF,Plesioth,10,en-patch,ガノスGFヘルム / ガノスGFキャップ
ベルGF,Beru,10,en-patch,ベルGFヘルム / ベルGFキャップ
グラビデGF,Gravios,10,en-patch,グラビデGFヘルム / グラビデGFキャップ
ルナGF,Lune,10,en-patch,ルナGFヘルム / ルナGFキャップ
プランダGF,Plunder,10,en-patch,プランダGFヘルム / プランダGFキャップ
アルテラGF,Altera,10,en-patch,アルテラGFヘルム / アルテラGFキャップ
イリークGF,Iriku,10,en-patch,イリークGFヘルム / イリークGFキャップ
アフティGF,Afti,10,en-patch,アフティGFヘルム / アフティGFキャップ
ルクストGF,Luxt,10,en-patch,ルクストGFヘルム / ルクストGFキャップ
オレウムGF,Oleum,10,en-patch,オレウムGFヘルム / オレウムGFキャップ
クラントGF,Kuranto,10,en-patch,クラントGFヘルム / クラントGFキャップ
ユプケGF,Yupuk,10,en-patch,ユプケGFヘルム / ユプケGFキャップ
ヒガクレGF,Higakure,10,en-patch,ヒガクレGFヘルム / ヒガクレGFキャップ
コンセルGF,Konseru,10,en-patch,コンセルGFヘルム / コンセルGFキャップ
コルヌー,Kornu,10,romaji,コルヌーヘッド / コルヌーピアス
コピアイ,Kopiai,10,romaji,コピアイヘッド / コピアイピアス
エントラGF,Entora,10,en-patch,エントラGFヘルム / エントラGFキャップ
メラギGF,Meraginasu,10,en-patch,メラギGFヘルム / メラギGFキャップ
ストロマGF,Stroma,10,en-patch,ストロマGFヘルム / ストロマGFキャップ
エミットGF,,10,unresolved,エミットGFヘルム / エミットGFキャップ
ディボアGF,Diboa,10,en-patch,ディボアGFヘルム / ディボアGFキャップ
ミクセスGF,Mixes,10,en-patch,ミクセスGFヘルム / ミクセスGFキャップ
ディオレGF,Diore,10,en-patch,ディオレGFヘルム / ディオレGFキャップ
ジェビアGF,Jebia,10,en-patch,ジェビアGFヘルム / ジェビアGFキャップ
ソルGF,Sol,10,en-patch,ソルGFヘルム / ソルGFキャップ
アルゴルGF,Algol,10,en-patch,アルゴルGFヘルム / アルゴルGFキャップ
オディバGF,Odiva,10,en-patch,オディバGFヘルム / オディバGFキャップ
デリヴGF,Deliver,10,en-patch,デリヴGFヘルム / デリヴGFキャップ
アサークGF,Asaku,10,en-patch,アサークGFヘルム / アサークGFキャップ
ニスルGF,Nisuru,10,en-patch,ニスルGFヘルム / ニスルGFキャップ
コルーデGF,Coord,10,en-patch,コルーデGFヘルム / コルーデGFキャップ
レセーガGF,Resega,10,en-patch,レセーガGFヘルム / レセーガGFキャップ
スフォルGF,Suforu,10,en-patch,スフォルGFヘルム / スフォルGFキャップ
ペルセGF,Perce,10,en-patch,ペルセGFヘルム / ペルセGFキャップ
ヒプノGF,Hypnoc,10,en-patch,ヒプノGFヘルム / ヒプノGFキャップ
フルンGF,Khezu,10,en-patch,フルンGFヘルム / フルンGFキャップ
モノブロスGF,Monoblos,10,en-patch,モノブロスGFヘルム / モノブロスGFキャップ
ヴェノムGF,Venom,10,en-patch,ヴェノムGFヘルム / ヴェノムGFキャップ
月夜・剣聖,,10,unresolved,月夜・剣聖Ｇヘルム / 月夜・剣聖GXヘルム
蒼穹・剣聖,,10,unresolved,蒼穹・剣聖Ｇヘルム / 蒼穹・剣聖GXヘルム
月夜・双龍,,10,unresolved,月夜・双龍Ｇヘルム / 月夜・双龍GXヘルム
蒼穹・双龍,,10,unresolved,蒼穹・双龍Ｇヘルム / 蒼穹・双龍GXヘルム
月夜・剣王,,10,unresolved,月夜・剣王Ｇヘルム / 月夜・剣王GXヘルム
蒼穹・剣王,,10,unresolved,蒼穹・剣王Ｇヘルム / 蒼穹・剣王GXヘルム
月夜・刀神,,10,unresolved,月夜・刀神Ｇヘルム / 月夜・刀神GXヘルム
蒼穹・刀神,,10,unresolved,蒼穹・刀神Ｇヘルム / 蒼穹・刀神GXヘルム
月夜・鈍器獣,,10,unresolved,月夜・鈍器獣Ｇヘルム / 月夜・鈍器獣GXヘルム
蒼穹・鈍器獣,,10,unresolved,蒼穹・鈍器獣Ｇヘルム / 蒼穹・鈍器獣GXヘルム
月夜・奏帝,,10,unresolved,月夜・奏帝Ｇヘルム / 月夜・奏帝GXヘルム
蒼穹・奏帝,,10,unresolved,蒼穹・奏帝Ｇヘルム / 蒼穹・奏帝GXヘルム
月夜・天槍,,10,unresolved,月夜・天槍Ｇヘルム / 月夜・天槍GXヘルム
蒼穹・天槍,,10,unresolved,蒼穹・天槍Ｇヘルム / 蒼穹・天槍GXヘルム
月夜・砲皇,,10,unresolved,月夜・砲皇Ｇヘルム / 月夜・砲皇GXヘルム
蒼穹・砲皇,,10,unresolved,蒼穹・砲皇Ｇヘルム / 蒼穹・砲皇GXヘルム
月夜・穿凰,,10,unresolved,月夜・穿凰Ｇヘルム / 月夜・穿凰GXヘルム
蒼穹・穿凰,,10,unresolved,蒼穹・穿凰Ｇヘルム / 蒼穹・穿凰GXヘルム
月夜・銃仙,,10,unresolved,月夜・銃仙Ｇマスク / 月夜・銃仙GXマスク
蒼穹・銃仙,,10,unresolved,蒼穹・銃仙Ｇマスク / 蒼穹・銃仙GXマスク
月夜・銃傑,,10,unresolved,月夜・銃傑Ｇマスク / 月夜・銃傑GXマスク
蒼穹・銃傑,,10,unresolved,蒼穹・銃傑Ｇマスク / 蒼穹・銃傑GXマスク
月夜・弓鬼,,10,unresolved,月夜・弓鬼Ｇマスク / 月夜・弓鬼GXマスク
蒼穹・弓鬼,,10,unresolved,蒼穹・弓鬼Ｇマスク / 蒼穹・弓鬼GXマスク
ジェスGF,Jess,10,en-patch,ジェスGFヘルム / ジェスGFキャップ
キニオルGF,Kinioru,10,en-patch,キニオルGFヘルム / キニオルGFキャップ
カイオルGF,Kaioru,10,en-patch,カイオルGFヘルム / カイオルGFキャップ
ユーリスGF,Yurisu,10,en-patch,ユーリスGFヘルム / ユーリスGFキャップ
デゾルトGF,Desordre,10,en-patch,デゾルトGFヘルム / デゾルトGFキャップ
ネコ,Neko,10,romaji,ネコピアス【慰労】 / ネコＦピアス【慰労】
クアルGF,Kuaru,10,en-patch,クアルGFヘルム / クアルGFキャップ
ポボルムGF,Pobo,10,en-patch,ポボルムGFヘルム / ポボルムGFキャップ
リオソウルGF,Rath,10,en-patch,リオソウルGFヘルム / リオソウルGFキャップ
リオハートGF,Rath,10,en-patch,リオハートGFヘルム / リオハートGFキャップ
クオイズGF,Quoiz,10,en-patch,クオイズGFヘッド / クオイズGFキャップ
カライスGF,Kalais,10,en-patch,カライスGFヘッド / カライスGFキャップ
ヨルティGF,Yoruti,10,en-patch,ヨルティGFヘルム / ヨルティGFキャップ
ハラガンGF,Haragan,10,en-patch,ハラガンGFヘルム / ハラガンGFキャップ
ライオスGF,Rios,10,en-patch,ライオスGFヘルム / ライオスGFキャップ
ゴゴGF,Gogomoa,10,en-patch,ゴゴGFヘルム / ゴゴGFキャップ
ヴァルGF,Varusa,10,en-patch,ヴァルGFヘルム / ヴァルGFキャップ
リルスGF,Lils,10,en-patch,リルスGFヘッド / リルスGFキャップ
ルケーゼGF,Lucchese,10,en-patch,ルケーゼGFヘッド / ルケーゼGFキャップ
オリクトGF,Orykto,10,en-patch,オリクトGFヘルム / オリクトGFキャップ
ボニトGF,Bonito,10,en-patch,ボニトGFヘルム / ボニトGFキャップ
ハルドGF,Harudo,10,en-patch,ハルドGFヘルム / ハルドGFキャップ
グレアGF,Gureado,10,en-patch,グレアGFヘルム / グレアGFキャップ
ガノンGF,Plesioth,10,en-patch,ガノンGFヘルム / ガノンGFキャップ
ヒプックGF,Bright,10,en-patch,ヒプックGFヘルム / ヒプックGFキャップ
フロガダGF,Furogada,10,en-patch,フロガダGFヘッド / フロガダGFキャップ
メイリダGF,Meirida,10,en-patch,メイリダGFヘルム / メイリダGFキャップ
マアデンGF,Maaden,10,en-patch,マアデンGFヘルム / マアデンGFキャップ
アブヤドGF,Abuyado,10,en-patch,アブヤドGFヘルム / アブヤドGFキャップ
しましまGF,Shimashima,10,en-patch,しましまGFヘッド / しましまGFキャップ
リオデュオGF,Rath,10,en-patch,リオデュオGFヘルム / リオデュオGFキャップ
タンドレスGF,Tandress,10,en-patch,タンドレスGFヘッド / タンドレスGFピアス
ランヴォGF,Ranvuo,10,en-patch,ランヴォGFヘルム / ランヴォGFキャップ
ニュイGF,Nyui,10,en-patch,ニュイGFヘルム / ニュイGFキャップ
ニンファGF,Nympha,10,en-patch,ニンファGFヘルム / ニンファGFキャップ
ガスラGF,GF,10,en-patch,ガスラGFヘルム / ガスラGFキャップ
アビGF,Abi,10,en-patch,アビGFヘルム / アビGFキャップ
ジンオウGF,Zinogre,10,en-patch,ジンオウGFヘルム / ジンオウGFキャップ
リアルオGF,Riaruo,10,en-patch,リアルオGFヘルム / リアルオGFキャップ
オルドルGF,Ordre,10,en-patch,オルドルGFヘルム / オルドルGFキャップ
チェニーGF,Cheni,10,en-patch,チェニーGFヘルム / チェニーGFキャップ
ミニオムGF,Miniomu,10,en-patch,ミニオムGFヘルム / ミニオムGFキャップ
ワンスGF,Once,10,en-patch,ワンスGFヘルム / ワンスGFキャップ
モノデビルGF,Monodevil,10,en-patch,モノデビルGFヘルム / モノデビルGFキャップ
ディアースGF,Diablos,10,en-patch,ディアースGFヘルム / ディアースGFキャップ
バンギスGF,Vangis,10,en-patch,バンギスGFヘルム / バンギスGFキャップ
ブラキGF,Brachy,10,en-patch,ブラキGFヘルム / ブラキGFキャップ
トリドGF,Torid,10,en-patch,トリドGFヘルム / トリドGFキャップ
ヴォラGF,Volga,10,en-patch,ヴォラGFヘルム / ヴォラGFキャップ
ラヴィGF,Raviente,10,en-patch,ラヴィGFヘッド / ラヴィGFキャップ
ヒプシーGF,Hypnoc,10,en-patch,ヒプシーGFヘルム / ヒプシーGFキャップ
カバリバGF,Kabariba,10,en-patch,カバリバGFヘルム / カバリバGFキャップ
トルボダGF,Toruboda,10,en-patch,トルボダGFヘッド / トルボダGFキャップ
レウアスGF,Reuasu,10,en-patch,レウアスGFヘルム / レウアスGFキャップ
ハリメノGF,Harimeno,10,en-patch,ハリメノGFヘルム / ハリメノGFキャップ
ベリオGF,Barioth,10,en-patch,ベリオGFヘルム / ベリオGFキャップ
ウィルGF,Will,10,en-patch,ウィルGFヘッド / ウィルGFキャップ
ケイスGF,Keisu,10,en-patch,ケイスGFヘルム / ケイスGFキャップ
リュミエGF,Lumiere,10,en-patch,リュミエGFヘルム / リュミエGFキャップ
クレオラGF,Cleora,10,en-patch,クレオラGFヘルム / クレオラGFキャップ
ドラギュGF,Doragyurosu,10,en-patch,ドラギュGFヘルム / ドラギュGFキャップ
トアGF,Toa,10,en-patch,トアGFヘルム / トアGFキャップ
ククスGF,Kut,10,en-patch,ククスGFヘルム / ククスGFキャップ
ガンキンGF,Uragaan,10,en-patch,ガンキンGFヘルム / ガンキンGFキャップ
月夜・斬将,,10,unresolved,月夜・斬将Ｇヘルム / 月夜・斬将GXヘルム
蒼穹・斬将,,10,unresolved,蒼穹・斬将Ｇヘルム / 蒼穹・斬将GXヘルム
グァンGF,Guan,10,en-patch,グァンGFヘッド / グァンGFキャップ
ナルガGF,Nargacuga,10,en-patch,ナルガGFヘルム / ナルガGFキャップ
ヴァリエGF,Valier,10,en-patch,ヴァリエGFヘッド / ヴァリエGFキャップ
ラースGF,Lars,10,en-patch,ラースGFヘッド / ラースGFキャップ
レイレスGF,Reiresu,10,en-patch,レイレスGFヘルム / レイレスGFキャップ
アンジュGF,Saint,10,en-patch,アンジュGFヘルム / アンジュGFキャップ
ヴォンGF,Voljang,10,en-patch,ヴォンGFヘルム / ヴォンGFキャップ
獄狼GF,Stygian,10,en-patch,獄狼GFヘルム / 獄狼GFキャップ
ロホックGF,Rohokku,10,en-patch,ロホックGFヘッド / ロホックGFキャップ
キュールGF,Cure,10,en-patch,キュールGFヘッド / キュールGFキャップ
エギエネGF,Eguiene,10,en-patch,エギエネGFヘッド / エギエネGFキャップ
ヴァクスGF,Vakusu,10,en-patch,ヴァクスGFヘッド / ヴァクスGFキャップ
ヒプノZY,Hypnoc,10,en-patch,ヒプノZYヘルム / ヒプノZYキャップ
ヒプノZX,Hypnoc,10,en-patch,ヒプノZXヘルム / ヒプノZXキャップ
フルフルZY,Khezu,10,en-patch,フルフルZYヘルム / フルフルZYキャップ
フルフルZX,Khezu,10,en-patch,フルフルZXヘルム / フルフルZXキャップ
ザザミZY,Hermitaur,10,en-patch,ザザミZYヘルム / ザザミZYキャップ
ザザミZX,Hermitaur,10,en-patch,ザザミZXヘルム / ザザミZXキャップ
ゴアGF,Gore,10,en-patch,ゴアGFヘルム / ゴアGFキャップ
ゼナGF,Zena,10,en-patch,ゼナGFヘッド / ゼナGFキャップ
レウスZY,Rathalos,10,en-patch,レウスZYヘルム / レウスZYキャップ
レウスZX,Rathalos,10,en-patch,レウスZXヘルム / レウスZXキャップ
ブランゴZY,Blango,10,en-patch,ブランゴZYヘルム / ブランゴZYキャップ
ブランゴZX,Blango,10,en-patch,ブランゴZXヘルム / ブランゴZXキャップ
ラーヴェGF,Rave,10,en-patch,ラーヴェGFヘルム / ラーヴェGFキャップ
カタンテZ,Katante,10,en-patch,カタンテZFヘルム / カタンテZFキャップ
カタンテZY,Katante,10,en-patch,カタンテZYヘルム / カタンテZYキャップ
カタンテZX,Katante,10,en-patch,カタンテZXヘルム / カタンテZXキャップ
ジンオウＣ,Zinogre,10,en-patch,ジンオウＣヘルム / ジンオウＣキャップ
ナルガＣ,Nargacuga,10,en-patch,ナルガＣヘルム / ナルガＣキャップ
ヴァシム,Vashimu,10,en-patch,ヴァシムＺヘルム / ヴァシムＺキャップ
ヴァシムZY,Vashimu,10,en-patch,ヴァシムZYヘルム / ヴァシムZYキャップ
ヴァシムZX,Vashimu,10,en-patch,ヴァシムZXヘルム / ヴァシムZXキャップ
レックスZY,Tigrex,10,en-patch,レックスZYヘルム / レックスZYキャップ
レックスZX,Tigrex,10,en-patch,レックスZXヘルム / レックスZXキャップ
パシオGF,Pashio,10,en-patch,パシオGFヘルム / パシオGFキャップ
ﾖﾙﾊ九号S型,YoRHa,10,en-patch,ﾖﾙﾊ九号S型ヘッド / ﾖﾙﾊ九号S型マスク
ﾖﾙﾊ九号S型Ｆ,YoRHa,10,en-patch,ﾖﾙﾊ九号S型Ｆヘッド / ﾖﾙﾊ九号S型Ｆマスク
ﾖﾙﾊ九号S型FZ,YoRHa,10,en-patch,ﾖﾙﾊ九号S型FZヘッド / ﾖﾙﾊ九号S型FZマスク
ﾖﾙﾊ九号S型HS,YoRHa,10,en-patch,ﾖﾙﾊ九号S型HSヘッド / ﾖﾙﾊ九号S型HSマスク
ﾖﾙﾊ九号S型GS,YoRHa,10,en-patch,ﾖﾙﾊ九号S型GSヘッド / ﾖﾙﾊ九号S型GSマスク
ﾖﾙﾊ九号S型GP,YoRHa,10,en-patch,ﾖﾙﾊ九号S型GPヘッド / ﾖﾙﾊ九号S型GPマスク
ﾖﾙﾊ九号S型ZP,YoRHa,10,en-patch,ﾖﾙﾊ九号S型ZPヘッド / ﾖﾙﾊ九号S型ZPマスク
シャガルGF,Shagaru,10,en-patch,シャガルGFヘルム / シャガルGFキャップ
ヒュジ,Hyujikiki,10,en-patch,ヒュジＺヘルム / ヒュジＺキャップ
ヒュジZY,Hyujikiki,10,en-patch,ヒュジZYヘルム / ヒュジZYキャップ
ヒュジZX,Hyujikiki,10,en-patch,ヒュジZXヘルム / ヒュジZXキャップ
ギア,Gear,10,en-patch,ギアＺヘルム / ギアＺキャップ
ギアZY,Gear,10,en-patch,ギアZYヘルム / ギアZYキャップ
ギアZX,Gear,10,en-patch,ギアZXヘルム / ギアZXキャップ
リカンテZ,Rikante,10,en-patch,リカンテZFヘルム / リカンテZFキャップ
リカンテZY,Rikante,10,en-patch,リカンテZYヘルム / リカンテZYキャップ
リカンテZX,Rikante,10,en-patch,リカンテZXヘルム / リカンテZXキャップ
チャトレGF,Chatore,10,en-patch,チャトレGFヘルム / チャトレGFキャップ
ミド,Midogaron,10,en-patch,ミドＺヘルム / ミドＺキャップ
ミドZY,Midogaron,10,en-patch,ミドZYヘルム / ミドZYキャップ
ミドZX,Midogaron,10,en-patch,ミドZXヘルム / ミドZXキャップ
エルゼGF,Elzelion,10,en-patch,エルゼGFヘルム / エルゼGFキャップ
アルミュGF,Arumyu,10,en-patch,アルミュGFヘッド / アルミュGFキャップ
コリニィZ,Korinyi,10,en-patch,コリニィZFバンド / コリニィZFヘッド
コリニィZY,Korinyi,10,en-patch,コリニィZYバンド / コリニィZYヘッド
コリニィZX,Korinyi,10,en-patch,コリニィZXバンド / コリニィZXヘッド
ルコZY,Ruko,10,en-patch,ルコZYヘルム / ルコZYキャップ
ルコZX,Ruko,10,en-patch,ルコZXヘルム / ルコZXキャップ
ガノ,Plesioth,10,en-patch,ガノＺヘルム / ガノＺキャップ
ガノZY,Plesioth,10,en-patch,ガノZYヘルム / ガノZYキャップ
ガノZX,Plesioth,10,en-patch,ガノZXヘルム / ガノZXキャップ
リエブレGF,Liebre,10,en-patch,リエブレGFヘルム / リエブレGFキャップ
メレンテZ,Merente,10,en-patch,メレンテZFヘルム / メレンテZFキャップ
メレンテZY,Merente,10,en-patch,メレンテZYヘルム / メレンテZYキャップ
メレンテZX,Merente,10,en-patch,メレンテZXヘルム / メレンテZXキャップ
ベリオＣ,Barioth,10,en-patch,ベリオＣヘルム / ベリオＣキャップ
ブラキＣ,Brachy,10,en-patch,ブラキＣヘルム / ブラキＣキャップ
ガンキンＣ,Uragaan,10,en-patch,ガンキンＣヘルム / ガンキンＣキャップ
獄狼Ｃ,Stygian,10,en-patch,獄狼Ｃヘルム / 獄狼Ｃキャップ
ゴアＣ,Gore,10,en-patch,ゴアＣヘルム / ゴアＣキャップ
バンギスＣ,Vangis,10,en-patch,バンギスＣヘルム / バンギスＣキャップ
シャガルＣ,Shagaru,10,en-patch,シャガルＣヘルム / シャガルＣキャップ
イナガミ,Inagami,10,monster,イナガミＺヘルム / イナガミＺキャップ
イナガミZY,Inagami,10,en-patch,イナガミZYヘルム / イナガミZYキャップ
イナガミZX,Inagami,10,en-patch,イナガミZXヘルム / イナガミZXキャップ
フォンセGF,Fonse,10,en-patch,フォンセGFヘルム / フォンセGFキャップ
ウタンテZ,Utante,10,en-patch,ウタンテZFヘルム / ウタンテZFキャップ
ウタンテZY,Utante,10,en-patch,ウタンテZYヘルム / ウタンテZYキャップ
ウタンテZX,Utante,10,en-patch,ウタンテZXヘルム / ウタンテZXキャップ
リズヴェGF,Rizuvue,10,en-patch,リズヴェGFヘルム / リズヴェGFキャップ
トリドZY,Toridcless,10,en-patch,トリドZYヘルム / トリドZYキャップ
トリドZX,Toridcless,10,en-patch,トリドZXヘルム / トリドZXキャップ
ドラギュZY,Doragyurosu,10,en-patch,ドラギュZYヘルム / ドラギュZYキャップ
ドラギュZX,Doragyurosu,10,en-patch,ドラギュZXヘルム / ドラギュZXキャップ
フランテZ,Furante,10,en-patch,フランテZFヘルム / フランテZFキャップ
フランテZY,Furante,10,en-patch,フランテZYヘルム / フランテZYキャップ
フランテZX,Furante,10,en-patch,フランテZXヘルム / フランテZXキャップ
カリヴァGF,Cariva,10,en-patch,カリヴァGFヘルム / カリヴァGFキャップ
ボンネGF,Bonne,10,en-patch,ボンネGFヘルム / ボンネGFキャップ
ガスラZY,Gasura,10,en-patch,ガスラZYヘルム / ガスラZYキャップ
ガスラZX,Gasura,10,en-patch,ガスラZXヘルム / ガスラZXキャップ
レギオスGF,Seregios,10,en-patch,レギオスGFヘルム / レギオスGFキャップ
カシウスGF,Cassius,10,en-patch,カシウスGFヘルム / カシウスGFキャップ
レギオスＣ,Seregios,10,en-patch,レギオスＣヘルム / レギオスＣキャップ
アノル,Anorupatisu,10,en-patch,アノルＺヘルム / アノルＺキャップ
アノルZY,Anorupatisu,10,en-patch,アノルZYヘルム / アノルZYキャップ
アノルZX,Anorupatisu,10,en-patch,アノルZXヘルム / アノルZXキャップ
リンクスGF,Lynx,10,en-patch,リンクスGFヘルム / リンクスGFキャップ
ジンドルGF,Zindol,10,en-patch,ジンドルGFヘルム / ジンドルGFキャップ
ボガバド,Bogabado,10,en-patch,ボガバドＺヘルム / ボガバドＺキャップ
ボガバドZY,Bogabado,10,en-patch,ボガバドZYヘルム / ボガバドZYキャップ
ボガバドZX,Bogabado,10,en-patch,ボガバドZXヘルム / ボガバドZXキャップ
月夜・磁星,,10,unresolved,月夜・磁星Ｇヘルム / 月夜・磁星GXヘルム
蒼穹・磁星,,10,unresolved,蒼穹・磁星Ｇヘルム / 蒼穹・磁星GXヘルム
バルラ,Baruragaru,10,en-patch,バルラＺヘルム / バルラＺキャップ
バルラZY,Baruragaru,10,en-patch,バルラZYヘルム / バルラZYキャップ
バルラZX,Baruragaru,10,en-patch,バルラZXヘルム / バルラZXキャップ
グラビ,Gravios,10,en-patch,グラビＺヘルム / グラビＺキャップ
グラビZY,Gravios,10,en-patch,グラビZYヘルム / グラビZYキャップ
グラビZX,Gravios,10,en-patch,グラビZXヘルム / グラビZXキャップ
ビーターGF,Bita,10,en-patch,ビーターGFヘルム / ビーターGFキャップ
コレプトGF,Koreputo,10,en-patch,コレプトGFヘルム / コレプトGFキャップ
ラファンGF,Rapin,10,en-patch,ラファンGFヘルム / ラファンGFキャップ
グリディZ,Guridi,10,en-patch,グリディZFヘルム / グリディZFキャップ
グリディZY,Guridi,10,en-patch,グリディZYヘルム / グリディZYキャップ
グリディZX,Guridi,10,en-patch,グリディZXヘルム / グリディZXキャップ
シフニィZ,Shifunyi,10,en-patch,シフニィZFバンド / シフニィZFヘッド
シフニィZY,Shifunyi,10,en-patch,シフニィZYバンド / シフニィZYヘッド
シフニィZX,Shifunyi,10,en-patch,シフニィZXバンド / シフニィZXヘッド
ロックマン,Rockman,10,en-patch,ロックマンキャップ / ロックマンＤキャップ
シャンルZ,Shanru,10,en-patch,シャンルZFヘルム / シャンルZFキャップ
シャンルZY,Shanru,10,en-patch,シャンルZYヘルム / シャンルZYキャップ
シャンルZX,Shanru,10,en-patch,シャンルZXヘルム / シャンルZXキャップ
ファンルZ,Fanru,10,en-patch,ファンルZFヘルム / ファンルZFキャップ
ファンルZY,Fanru,10,en-patch,ファンルZYヘルム / ファンルZYキャップ
ファンルZX,Fanru,10,en-patch,ファンルZXヘルム / ファンルZXキャップ
ザムザZY,Zamuza,10,en-patch,ザムザZYヘルム / ザムザZYキャップ
ザムザZX,Zamuza,10,en-patch,ザムザZXヘルム / ザムザZXキャップ
ハルドZY,Harudo,10,en-patch,ハルドZYヘルム / ハルドZYキャップ
ハルドZX,Harudo,10,en-patch,ハルドZXヘルム / ハルドZXキャップ
エリュシGF,Elysi,10,en-patch,エリュシGFヘルム / エリュシGFキャップ
ミュンルZ,Myunru,10,en-patch,ミュンルZFヘルム / ミュンルZFキャップ
ミュンルZY,Myunru,10,en-patch,ミュンルZYヘルム / ミュンルZYキャップ
ミュンルZX,Myunru,10,en-patch,ミュンルZXヘルム / ミュンルZXキャップ
アメザリ,Amezari,9,en-patch,アメザリヘッド / アメザリキャップ
フロルGF,Furoru,9,en-patch,フロルGFヘッド / フロルGFハット
フランキーGF,Franky,9,en-patch,フランキーGFヘッド / フランキーGFハット
エンプレスGF,Empress,9,en-patch,エンプレスGFマスク / エンプレスGFメイル
フレイムGF,Flame,9,en-patch,フレイムGFマスク / フレイムGFメイル
カイザーGF,Kaiser,9,en-patch,カイザーGFマスク / カイザーGFメイル
エンプレスＣ,Empress,9,en-patch,エンプレスＣマスク / エンプレスＣメイル
カイザーＣ,Kaiser,9,en-patch,カイザーＣマスク / カイザーＣメイル
ガノスＵ,Plesioth,8,en-patch,ガノスＵヘルム / ガノスＵキャップ
ジストレル,Jisutoreru,8,en-patch,ジストレルヘッド / ジストレルＦヘッド
エクストラ,Extra,8,en-patch,エクストラヘッド / エクストラＦヘッド
ウナペルト,Tenderfoot,8,en-patch,ウナペルトヘッド / ウナペルトＦヘッド
キューラー,Kyuura,8,en-patch,キューラーヘッド / キューラーＦヘッド
アミーゴ,Amigo,8,romaji,アミーゴピアス・赤 / アミーゴＦピアス・赤
アリエッタ,Arietta,8,en-patch,アリエッタヘッド / アリエッタＤヘッド
ミューズ,Muse,8,en-patch,ミューズヘッド / ミューズＤヘッド
ディゼル,Diesel,8,en-patch,ディゼルハット / ディゼルＦハット
ミーツェ,Mitse,8,romaji,ミーツェハット / ミーツェＦハット
ヴィン,Vin,8,romaji,ヴィンヘッド / ヴィンＦヘッド
ヴァンデ,Vande,8,romaji,ヴァンデヘッド / ヴァンデＦヘッド
デスモ,Desmo,8,romaji,デスモヘッド / デスモＦヘッド
ウーズィ,Uzui,8,romaji,ウーズィヘッド / ウーズィＦヘッド
レガーメ,Regame,8,romaji,レガーメヘッド / レガーメＦヘッド
ノット,Nott,8,romaji,ノットヘッド / ノットＦヘッド
ディールGF,Diru,8,en-patch,ディールGFヘッド / ディールGFスーツ
アスールGF,Azul,8,en-patch,アスールGFヘッド / アスールGFスーツ
メランGF,Melan,8,en-patch,メランGFヘッド / メランGFスーツ
ランセGF,Rance,8,en-patch,ランセGFヘッド / ランセGFスーツ
ギルドバードGF,Guild,8,en-patch,ギルドバードGFハット / ギルドバードGFスーツ
シウスGF,Shiusu,8,en-patch,シウスGFヘッド / シウスGFスーツ
チールGF,Chiru,8,en-patch,チールGFヘッド / チールGFスーツ
ガネトGF,Ganeto,8,en-patch,ガネトGFヘッド / ガネトGFスーツ
ビリス,Biris,8,romaji,ビリスベスト / ビリスＦベスト
ギエール,Giel,8,romaji,ギエールベスト / ギエールＦベスト
カウント,Kaunt,8,romaji,カウントベスト / カウントＦベスト
パスマ,Pasma,8,romaji,パスマベスト / パスマＦベスト
フィーブル,Fibl,8,romaji,フィーブルベスト / フィーブルＦベスト
ヴァラク,Varak,8,romaji,ヴァラクベスト / ヴァラクＦベスト
プーギー,Poogie,8,en-patch,プーギーフット / プーギーＦフット
アハバー,Ahaba,7,romaji,アハバーピアス / アハバーＦピアス
クローニー,Kloni,7,romaji,クローニーピアス / クローニーＦピアス
ブルックGF,Brooke,7,en-patch,ブルックGFヘッド / ブルックGFベスト
ゴルックGF,Gorukku,7,en-patch,ゴルックGFヘッド / ゴルックGFベスト
シルックGF,Shirukku,7,en-patch,シルックGFヘッド / シルックGFベスト
ノルックGF,Norukku,7,en-patch,ノルックGFヘッド / ノルックGFベスト
アービター,Arbiter,7,en-patch,アービターGSヘルム / アービターGPヘルム
ビストロ,Bistro,6,en-patch,ビストロキャップ / ビストロＲキャップ
グリンデ,Glinde,6,romaji,グリンデピアス / グリンデＦピアス
コントラ,Contra,6,en-patch,コントラピアス / コントラＦピアス
ジントラ,Jintora,6,en-patch,ジントラピアス / ジントラＦピアス
アントラ,Antora,6,en-patch,アントラピアス / アントラＦピアス
ビントラ,Bintora,6,en-patch,ビントラピアス / ビントラＦピアス
タントラ,Tantora,6,en-patch,タントラピアス / タントラＦピアス
バルカン,Vulcan,6,en-patch,バルカンＧヘッド / バルカンGXヘッド
エンブレイス,Embrace,6,en-patch,エンブレイスピアス / エンブレイスＦピアス
トロピオ,Tlopio,6,romaji,トロピオピアス / トロピオＦピアス
スカラー,Scholar,6,en-patch,スカラースーツ / スカラーＧスーツ
雷刃,,6,unresolved,雷刃篭手 / 雷刃Ｆ篭手
迅雷,,6,unresolved,迅雷篭手 / 迅雷Ｆ篭手
マフモフ,Mafumofu,6,en-patch,マフモフコート / マフモフＳコート
ミラルーツ,Fatalis,5,en-patch,ミラルーツヘッド / ミラルーツＲヘッド
ギルドナイト,Guild,5,en-patch,ギルドナイトマスク / ギルドナイトスーツ
Ｋ・ロブスタ,Lobster,5,en-patch,Ｋ・ロブスタキャップ / Ｋ・ロブスタコイル
デュオ,Duo,5,en-patch,デュオヘルム / デュオメイル
ホワイトメタル,Metal,5,en-patch,ホワイトメタルピアス / ホワイトメタルメイル
プロギア,Purogia,5,en-patch,プロギアヘッド / プロギアメイル
オラシオン,Oracion,5,en-patch,オラシオンヘッド / オラシオンメイル
レクイエム,Requiem,5,en-patch,レクイエムヘッド / レクイエムメイル
クアッド,Quad,5,en-patch,クアッドヘルム / クアッドメイル
ディジギア,Digi,5,en-patch,ディジギアヘッド / ディジギアメイル
プリエール,Priere,5,en-patch,プリエールヘッド / プリエールメイル
サルバシオン,Salvacion,5,en-patch,サルバシオンヘッド / サルバシオンメイル
ヴェント,Vento,5,en-patch,ヴェントピアス / ヴェントベスト
ミストラル,Mistral,5,en-patch,ミストラルピアス / ミストラルベスト
シロオビ,Shiroobi,5,romaji,シロオビヘルム / シロオビメイル
ゼーレ,Zere,5,romaji,ゼーレピアス / ゼーレベスト
Ｇ・ルナＲ,,5,unresolved,Ｇ・ルナＲキャップ / Ｇ・ルナＲレジスト
Ｓ・ソルＲ,,5,unresolved,Ｓ・ソルＲキャップ / Ｓ・ソルＲレジスト
レウスLX,Rathalos,5,en-patch,レウスLXヘルム / レウスLXメイル
リオソウルRX,Rath,5,en-patch,リオソウルRXヘルム / リオソウルRXメイル
フルフルLX,Khezu,5,en-patch,フルフルLXヘルム / フルフルLXメイル
フルフルRX,Khezu,5,en-patch,フルフルRXヘルム / フルフルRXメイル
ハイメタLX,High,5,en-patch,ハイメタLXヘルム / ハイメタLXメイル
ハイメタRX,High,5,en-patch,ハイメタRXヘルム / ハイメタRXメイル
タロスLX,Hornetaur,5,en-patch,タロスLXキャップ / タロスLXレジスト
タロスRX,Hornetaur,5,en-patch,タロスRXキャップ / タロスRXレジスト
リオハートRX,Rath,5,en-patch,リオハートRXヘルム / リオハートRXメイル
レイアLX,Rathian,5,en-patch,レイアLXヘルム / レイアLXメイル
ランゴRX,Vespoid,5,en-patch,ランゴRXキャップ / ランゴRXレジスト
ランゴLX,Vespoid,5,en-patch,ランゴLXキャップ / ランゴLXレジスト
ザザミRX,Hermitaur,5,en-patch,ザザミRXヘルム / ザザミRXメイル
ザザミLX,Hermitaur,5,en-patch,ザザミLXヘルム / ザザミLXメイル
ディアブロRX,Diablos,5,en-patch,ディアブロRXヘルム / ディアブロRXメイル
ディアブロLX,Diablos,5,en-patch,ディアブロLXヘルム / ディアブロLXメイル
リリオ,Ririo,5,romaji,リリオヘルム / リリオメイル
フレサ,Flesa,5,romaji,フレサヘルム / フレサメイル
クラベル,Klabel,5,romaji,クラベルヘルム / クラベルメイル
シルエラ,Shiruera,5,romaji,シルエラヘルム / シルエラメイル
カメリア,Kameria,5,romaji,カメリアヘルム / カメリアメイル
ハシント,Hashint,5,romaji,ハシントヘルム / ハシントメイル
セレソ,Sereso,5,romaji,セレソヘルム / セレソメイル
オリバ,Oriba,5,romaji,オリバヘルム / オリバメイル
ラウレル,Raurel,5,romaji,ラウレルキャップ / ラウレルレジスト
ココ,Koko,5,romaji,ココキャップ / ココレジスト
グラナダ,Glanada,5,romaji,グラナダキャップ / グラナダレジスト
フィディ,Fidi,5,romaji,フィディヘルム / フィディメイル
エピディ,Epidi,5,romaji,エピディヘルム / エピディメイル
ビステマ,Bistema,5,romaji,ビステマヘッド / ビステマメイル
ブルホ,Blho,5,romaji,ブルホＦヘッド・青 / ブルホＦベスト・青
マーギア,Magia,5,romaji,マーギアＦハット・青 / マーギアＦスーツ・青
ガレオスLX,Cepha,5,en-patch,ガレオスLXヘルム / ガレオスLXメイル
ブランゴLX,Blango,5,en-patch,ブランゴLXヘルム / ブランゴLXメイル
グラビドLX,Gravios,5,en-patch,グラビドLXヘルム / グラビドLXメイル
ボーンLX,Bone,5,en-patch,ボーンLXキャップ / ボーンLXレジスト
ガレオスRX,Cepha,5,en-patch,ガレオスRXヘルム / ガレオスRXメイル
ブランゴRX,Blango,5,en-patch,ブランゴRXヘルム / ブランゴRXメイル
グラビドRX,Gravios,5,en-patch,グラビドRXヘルム / グラビドRXメイル
ボーンRX,Bone,5,en-patch,ボーンRXキャップ / ボーンRXレジスト
ゲリョスLX,Gypceros,5,en-patch,ゲリョスLXヘルム / ゲリョスLXメイル
ギザミLX,Ceanataur,5,en-patch,ギザミLXヘルム / ギザミLXメイル
レックスLX,Tigrex,5,en-patch,レックスLXヘルム / レックスLXメイル
モノブロスLX,Monoblos,5,en-patch,モノブロスLXキャップ / モノブロスLXレジスト
ゲリョスRX,Gypceros,5,en-patch,ゲリョスRXヘルム / ゲリョスRXメイル
ギザミRX,Ceanataur,5,en-patch,ギザミRXヘルム / ギザミRXメイル
モノデビルRX,Monodevil,5,en-patch,モノデビルRXキャップ / モノデビルRXレジスト
チェスカ,Cheska,5,romaji,チェスカＧキャップ / チェスカＧレジスト
ライード,Raid,5,romaji,ライードＧキャップ / ライードＧレジスト
白虎・剣聖GF,,5,unresolved,白虎・剣聖GFヘルム / 白虎・剣聖GFメイル
朱雀・剣聖GF,,5,unresolved,朱雀・剣聖GFヘルム / 朱雀・剣聖GFメイル
玄武・剣聖GF,,5,unresolved,玄武・剣聖GFヘルム / 玄武・剣聖GFメイル
青龍・剣聖GF,,5,unresolved,青龍・剣聖GFヘルム / 青龍・剣聖GFメイル
白虎・双龍GF,,5,unresolved,白虎・双龍GFヘルム / 白虎・双龍GFメイル
朱雀・双龍GF,,5,unresolved,朱雀・双龍GFヘルム / 朱雀・双龍GFメイル
玄武・双龍GF,,5,unresolved,玄武・双龍GFヘルム / 玄武・双龍GFメイル
青龍・双龍GF,,5,unresolved,青龍・双龍GFヘルム / 青龍・双龍GFメイル
白虎・剣王GF,,5,unresolved,白虎・剣王GFヘルム / 白虎・剣王GFメイル
朱雀・剣王GF,,5,unresolved,朱雀・剣王GFヘルム / 朱雀・剣王GFメイル
玄武・剣王GF,,5,unresolved,玄武・剣王GFヘルム / 玄武・剣王GFメイル
青龍・剣王GF,,5,unresolved,青龍・剣王GFヘルム / 青龍・剣王GFメイル
白虎・刀神GF,,5,unresolved,白虎・刀神GFヘルム / 白虎・刀神GFメイル
朱雀・刀神GF,,5,unresolved,朱雀・刀神GFヘルム / 朱雀・刀神GFメイル
玄武・刀神GF,,5,unresolved,玄武・刀神GFヘルム / 玄武・刀神GFメイル
青龍・刀神GF,,5,unresolved,青龍・刀神GFヘルム / 青龍・刀神GFメイル
白虎・天槍GF,,5,unresolved,白虎・天槍GFヘルム / 白虎・天槍GFメイル
朱雀・天槍GF,,5,unresolved,朱雀・天槍GFヘルム / 朱雀・天槍GFメイル
玄武・天槍GF,,5,unresolved,玄武・天槍GFヘルム / 玄武・天槍GFメイル
青龍・天槍GF,,5,unresolved,青龍・天槍GFヘルム / 青龍・天槍GFメイル
白虎・砲皇GF,,5,unresolved,白虎・砲皇GFヘルム / 白虎・砲皇GFメイル
朱雀・砲皇GF,,5,unresolved,朱雀・砲皇GFヘルム / 朱雀・砲皇GFメイル
玄武・砲皇GF,,5,unresolved,玄武・砲皇GFヘルム / 玄武・砲皇GFメイル
青龍・砲皇GF,,5,unresolved,青龍・砲皇GFヘルム / 青龍・砲皇GFメイル
白虎・鈍器獣GF,,5,unresolved,白虎・鈍器獣GFヘルム / 白虎・鈍器獣GFメイル
朱雀・鈍器獣GF,,5,unresolved,朱雀・鈍器獣GFヘルム / 朱雀・鈍器獣GFメイル
玄武・鈍器獣GF,,5,unresolved,玄武・鈍器獣GFヘルム / 玄武・鈍器獣GFメイル
青龍・鈍器獣GF,,5,unresolved,青龍・鈍器獣GFヘルム / 青龍・鈍器獣GFメイル
白虎・奏帝GF,,5,unresolved,白虎・奏帝GFヘルム / 白虎・奏帝GFメイル
朱雀・奏帝GF,,5,unresolved,朱雀・奏帝GFヘルム / 朱雀・奏帝GFメイル
玄武・奏帝GF,,5,unresolved,玄武・奏帝GFヘルム / 玄武・奏帝GFメイル
青龍・奏帝GF,,5,unresolved,青龍・奏帝GFヘルム / 青龍・奏帝GFメイル
白虎・銃傑GF,,5,unresolved,白虎・銃傑GFマスク / 白虎・銃傑GFスーツ
朱雀・銃傑GF,,5,unresolved,朱雀・銃傑GFマスク / 朱雀・銃傑GFスーツ
玄武・銃傑GF,,5,unresolved,玄武・銃傑GFマスク / 玄武・銃傑GFスーツ
青龍・銃傑GF,,5,unresolved,青龍・銃傑GFマスク / 青龍・銃傑GFスーツ
白虎・銃仙GF,,5,unresolved,白虎・銃仙GFマスク / 白虎・銃仙GFスーツ
朱雀・銃仙GF,,5,unresolved,朱雀・銃仙GFマスク / 朱雀・銃仙GFスーツ
玄武・銃仙GF,,5,unresolved,玄武・銃仙GFマスク / 玄武・銃仙GFスーツ
青龍・銃仙GF,,5,unresolved,青龍・銃仙GFマスク / 青龍・銃仙GFスーツ
白虎・弓鬼GF,,5,unresolved,白虎・弓鬼GFマスク / 白虎・弓鬼GFスーツ
朱雀・弓鬼GF,,5,unresolved,朱雀・弓鬼GFマスク / 朱雀・弓鬼GFスーツ
玄武・弓鬼GF,,5,unresolved,玄武・弓鬼GFマスク / 玄武・弓鬼GFスーツ
青龍・弓鬼GF,,5,unresolved,青龍・弓鬼GFマスク / 青龍・弓鬼GFスーツ
フローラ,Flora,5,en-patch,フローラヘルム / フローラメイル
フラウ,Frau,5,en-patch,フラウヘッド / フラウベスト
キース,Keith,5,en-patch,キースヘルム / キースメイル
ギネル,Guinelle,5,en-patch,ギネルヘッド / ギネルメイル
チルカ,Circa,5,en-patch,チルカヘッド / チルカベスト
エドワード,Edward,5,en-patch,エドワードピアス / エドワードメイル
タイゾウ,Taizo,5,en-patch,タイゾウヘッド / タイゾウメイル
ティアラ,Tiala,5,en-patch,ティアラキャップ / ティアラメイル
ユウェル,Uwel,5,en-patch,ユウェルピアス / ユウェルメイル
ナターシャ,Natasha,5,en-patch,ナターシャヘッド / ナターシャスーツ
白虎・穿凰GF,,5,unresolved,白虎・穿凰GFヘルム / 白虎・穿凰GFメイル
朱雀・穿凰GF,,5,unresolved,朱雀・穿凰GFヘルム / 朱雀・穿凰GFメイル
玄武・穿凰GF,,5,unresolved,玄武・穿凰GFヘルム / 玄武・穿凰GFメイル
青龍・穿凰GF,,5,unresolved,青龍・穿凰GFヘルム / 青龍・穿凰GFメイル
レイラ,Leila,5,en-patch,レイラバンド / レイラスーツ
白蘭・剣聖GF,,5,unresolved,白蘭・剣聖GFヘルム / 白蘭・剣聖GFメイル
月夜・剣聖GF,,5,unresolved,月夜・剣聖GFヘルム / 月夜・剣聖GFメイル
紅霞・剣聖GF,,5,unresolved,紅霞・剣聖GFヘルム / 紅霞・剣聖GFメイル
蒼穹・剣聖GF,,5,unresolved,蒼穹・剣聖GFヘルム / 蒼穹・剣聖GFメイル
白蘭・双龍GF,,5,unresolved,白蘭・双龍GFヘルム / 白蘭・双龍GFメイル
月夜・双龍GF,,5,unresolved,月夜・双龍GFヘルム / 月夜・双龍GFメイル
紅霞・双龍GF,,5,unresolved,紅霞・双龍GFヘルム / 紅霞・双龍GFメイル
蒼穹・双龍GF,,5,unresolved,蒼穹・双龍GFヘルム / 蒼穹・双龍GFメイル
白蘭・剣王GF,,5,unresolved,白蘭・剣王GFヘルム / 白蘭・剣王GFメイル
月夜・剣王GF,,5,unresolved,月夜・剣王GFヘルム / 月夜・剣王GFメイル
紅霞・剣王GF,,5,unresolved,紅霞・剣王GFヘルム / 紅霞・剣王GFメイル
蒼穹・剣王GF,,5,unresolved,蒼穹・剣王GFヘルム / 蒼穹・剣王GFメイル
白蘭・刀神GF,,5,unresolved,白蘭・刀神GFヘルム / 白蘭・刀神GFメイル
月夜・刀神GF,,5,unresolved,月夜・刀神GFヘルム / 月夜・刀神GFメイル
紅霞・刀神GF,,5,unresolved,紅霞・刀神GFヘルム / 紅霞・刀神GFメイル
蒼穹・刀神GF,,5,unresolved,蒼穹・刀神GFヘルム / 蒼穹・刀神GFメイル
白蘭・鈍器獣GF,,5,unresolved,白蘭・鈍器獣GFヘルム / 白蘭・鈍器獣GFメイル
月夜・鈍器獣GF,,5,unresolved,月夜・鈍器獣GFヘルム / 月夜・鈍器獣GFメイル
紅霞・鈍器獣GF,,5,unresolved,紅霞・鈍器獣GFヘルム / 紅霞・鈍器獣GFメイル
蒼穹・鈍器獣GF,,5,unresolved,蒼穹・鈍器獣GFヘルム / 蒼穹・鈍器獣GFメイル
白蘭・奏帝GF,,5,unresolved,白蘭・奏帝GFヘルム / 白蘭・奏帝GFメイル
月夜・奏帝GF,,5,unresolved,月夜・奏帝GFヘルム / 月夜・奏帝GFメイル
紅霞・奏帝GF,,5,unresolved,紅霞・奏帝GFヘルム / 紅霞・奏帝GFメイル
蒼穹・奏帝GF,,5,unresolved,蒼穹・奏帝GFヘルム / 蒼穹・奏帝GFメイル
白蘭・天槍GF,,5,unresolved,白蘭・天槍GFヘルム / 白蘭・天槍GFメイル
月夜・天槍GF,,5,unresolved,月夜・天槍GFヘルム / 月夜・天槍GFメイル
紅霞・天槍GF,,5,unresolved,紅霞・天槍GFヘルム / 紅霞・天槍GFメイル
蒼穹・天槍GF,,5,unresolved,蒼穹・天槍GFヘルム / 蒼穹・天槍GFメイル
白蘭・砲皇GF,,5,unresolved,白蘭・砲皇GFヘルム / 白蘭・砲皇GFメイル
月夜・砲皇GF,,5,unresolved,月夜・砲皇GFヘルム / 月夜・砲皇GFメイル
紅霞・砲皇GF,,5,unresolved,紅霞・砲皇GFヘルム / 紅霞・砲皇GFメイル
蒼穹・砲皇GF,,5,unresolved,蒼穹・砲皇GFヘルム / 蒼穹・砲皇GFメイル
白蘭・穿凰GF,,5,unresolved,白蘭・穿凰GFヘルム / 白蘭・穿凰GFメイル
月夜・穿凰GF,,5,unresolved,月夜・穿凰GFヘルム / 月夜・穿凰GFメイル
紅霞・穿凰GF,,5,unresolved,紅霞・穿凰GFヘルム / 紅霞・穿凰GFメイル
蒼穹・穿凰GF,,5,unresolved,蒼穹・穿凰GFヘルム / 蒼穹・穿凰GFメイル
白蘭・銃仙GF,,5,unresolved,白蘭・銃仙GFマスク / 白蘭・銃仙GFスーツ
月夜・銃仙GF,,5,unresolved,月夜・銃仙GFマスク / 月夜・銃仙GFスーツ
紅霞・銃仙GF,,5,unresolved,紅霞・銃仙GFマスク / 紅霞・銃仙GFスーツ
蒼穹・銃仙GF,,5,unresolved,蒼穹・銃仙GFマスク / 蒼穹・銃仙GFスーツ
白蘭・銃傑GF,,5,unresolved,白蘭・銃傑GFマスク / 白蘭・銃傑GFスーツ
月夜・銃傑GF,,5,unresolved,月夜・銃傑GFマスク / 月夜・銃傑GFスーツ
紅霞・銃傑GF,,5,unresolved,紅霞・銃傑GFマスク / 紅霞・銃傑GFスーツ
蒼穹・銃傑GF,,5,unresolved,蒼穹・銃傑GFマスク / 蒼穹・銃傑GFスーツ
白蘭・弓鬼GF,,5,unresolved,白蘭・弓鬼GFマスク / 白蘭・弓鬼GFスーツ
月夜・弓鬼GF,,5,unresolved,月夜・弓鬼GFマスク / 月夜・弓鬼GFスーツ
紅霞・弓鬼GF,,5,unresolved,紅霞・弓鬼GFマスク / 紅霞・弓鬼GFスーツ
蒼穹・弓鬼GF,,5,unresolved,蒼穹・弓鬼GFマスク / 蒼穹・弓鬼GFスーツ
タングスGF,Tangusu,5,en-patch,タングスGFヘッド / タングスGFメイル
コバルタGF,Kobaruta,5,en-patch,コバルタGFキャップ / コバルタGFレジスト
ブレオGF,Breo,5,en-patch,ブレオGFヘッド / ブレオGFピアス
ハロキュGF,Harokyu,5,en-patch,ハロキュGFヘッド / ハロキュGFレジスト
白虎・斬将GF,,5,unresolved,白虎・斬将GFヘルム / 白虎・斬将GFメイル
朱雀・斬将GF,,5,unresolved,朱雀・斬将GFヘルム / 朱雀・斬将GFメイル
玄武・斬将GF,,5,unresolved,玄武・斬将GFヘルム / 玄武・斬将GFメイル
青龍・斬将GF,,5,unresolved,青龍・斬将GFヘルム / 青龍・斬将GFメイル
白蘭・斬将GF,,5,unresolved,白蘭・斬将GFヘルム / 白蘭・斬将GFメイル
月夜・斬将GF,,5,unresolved,月夜・斬将GFヘルム / 月夜・斬将GFメイル
紅霞・斬将GF,,5,unresolved,紅霞・斬将GFヘルム / 紅霞・斬将GFメイル
蒼穹・斬将GF,,5,unresolved,蒼穹・斬将GFヘルム / 蒼穹・斬将GFメイル
セイラーGF,Sailor,5,en-patch,セイラーGFキャップ / セイラーGFスーツ
クロエ,Chloe,5,en-patch,クロエヘッド / クロエメイル
キャロルＣ,Carrol,5,en-patch,キャロルＣバンド / キャロルＣスーツ
ザイラＣ,Zyra,5,en-patch,ザイラＣヘルム / ザイラＣメイル
ヒガクレＣ,Higakure,5,en-patch,ヒガクレＣヘルム / ヒガクレＣメイル
ﾖﾙﾊ九号S型Ｄ,YoRHa,5,en-patch,ﾖﾙﾊ九号S型Ｄヘッド / ﾖﾙﾊ九号S型Ｄベスト
クラフトＣ,Craft,5,en-patch,クラフトＣヘッド / クラフトＣメイル
シエロＣ,Cielo,5,en-patch,シエロＣヘッド / シエロＣメイル
アイルーＣ,Felyne,5,en-patch,アイルーＣヘッド / アイルーＣメイル
十ノ軌跡Ｃ,,5,unresolved,十ノ軌跡Ｃヘルム / 十ノ軌跡Ｃスーツ
十ノ至道Ｃ,,5,unresolved,十ノ至道Ｃキャップ / 十ノ至道Ｃベスト
コリニィＣ,Korinyi,5,en-patch,コリニィＣバンド / コリニィＣスーツ
白虎・磁星GF,,5,unresolved,白虎・磁星GFヘルム / 白虎・磁星GFメイル
朱雀・磁星GF,,5,unresolved,朱雀・磁星GFヘルム / 朱雀・磁星GFメイル
玄武・磁星GF,,5,unresolved,玄武・磁星GFヘルム / 玄武・磁星GFメイル
青龍・磁星GF,,5,unresolved,青龍・磁星GFヘルム / 青龍・磁星GFメイル
白蘭・磁星GF,,5,unresolved,白蘭・磁星GFヘルム / 白蘭・磁星GFメイル
紅霞・磁星GF,,5,unresolved,紅霞・磁星GFヘルム / 紅霞・磁星GFメイル
月夜・磁星GF,,5,unresolved,月夜・磁星GFヘルム / 月夜・磁星GFメイル
蒼穹・磁星GF,,5,unresolved,蒼穹・磁星GFヘルム / 蒼穹・磁星GFメイル
グラハム,Graham,5,en-patch,グラハムヘルム / グラハムメイル
アウラＣ,Aura,5,en-patch,アウラＣヘッド / アウラＣメイル
アスモＣ,Asumo,5,en-patch,アスモＣヘッド / アスモＣメイル
ロッカＣ,Rokka,5,en-patch,ロッカＣヘルム / ロッカＣスーツ
ルーチェＣ,Ruche,5,en-patch,ルーチェＣヘルム / ルーチェＣメイル
シュイＣ,Shui,5,en-patch,シュイＣヘルム / シュイＣメイル
ラファンＣ,Rapin,5,en-patch,ラファンＣヘルム / ラファンＣメイル
レザーライトＵ,Leather,4,en-patch,レザーライトＵヘルム / レザーライトＵメイル
チェーンＵ,Chainmail,4,en-patch,チェーンＵヘルム / チェーンＵメイル
くろねこ服,Cat,4,en-patch,くろねこ服マスク / くろねこ服スーツ
ブートアップ,Boot,4,en-patch,ブートアップヘッド / ブートアップベスト
ユウェネス,Yuenesu,4,en-patch,ユウェネスヘッド / ユウェネスベスト
エアリアル,Aerial,4,en-patch,エアリアルヘッド / エアリアルベスト
ジスト,Giste,4,en-patch,ジストヘッド / ジストベスト
セレスト,Celeste,4,en-patch,セレストピアス / セレストアーム
ロジウェア,Lodge,4,en-patch,ロジウェアヘッド / ロジウェアベスト
ヒーラー,Healer,4,en-patch,ヒーラーＲヘッド / ヒーラーベスト
テンペスト,Tempest,4,en-patch,テンペストヘッド / テンペストスーツ
ブート,Buto,4,en-patch,ブートＦヘッド / ブートＦベスト
シェルカ,Sherka,4,romaji,シェルカＧヘッド / シェルカＧメイル
ロアース,Roas,4,romaji,ロアースＧヘッド / ロアースＧメイル
レビ,Rebidiora,4,en-patch,レビＧヘッド / レビGXヘッド
リア,Lea,4,en-patch,リアヘルム / リアスーツ
ルージュGF,Rouge,4,en-patch,ルージュGFピアス / ルージュGFアーム
ガウシカGF,Anteka,4,en-patch,ガウシカGFヘッド / ガウシカGFベスト
ロドクルGF,Rodokuru,4,en-patch,ロドクルGFヘッド / ロドクルGFアーム
ノワールGF,Noir,4,en-patch,ノワールGFピアス / ノワールGFアーム
タルネコ,Tarneko,4,romaji,タルネコヘルム・金 / タルネコヘルム・銀
オトノGF,Otono,4,en-patch,オトノGFヘッド / オトノGFアーム
ルースＣ,Loose,4,en-patch,ルースＣヘッド / ルースＣスーツ
ランセＣ,Rance,4,en-patch,ランセＣヘッド / ランセＣアーム
トリートＣ,Treat,4,en-patch,トリートＣヘッド / トリートＣアーム
祖龍,Fatalis,4,en-patch,祖龍GXヘッド / 祖龍Ｄヘッド
ブレイブZX,Brave,4,en-patch,ブレイブZXヘッド / ブレイブZXアーム
ラッピー,Rappy,4,en-patch,ラッピーＤヘッド / ラッピーＤスーツ
ギルドバードＣ,Guild,4,en-patch,ギルドバードＣスーツ / ギルドバードＣアーム
白蘭,,4,unresolved,白蘭Ｄメイル / 白蘭Ｄアーム
紅霞,,4,unresolved,紅霞Ｄメイル / 紅霞Ｄアーム
メラース,Melas,4,en-patch,メラースＤスーツ / メラースＤガード
正拳,,4,unresolved,正拳篭手 / 正拳Ｆ篭手
灼熱,,4,unresolved,灼熱篭手 / 灼熱Ｆ篭手
飛天ノ,,4,unresolved,飛天ノ篭手・白 / 飛天ノ篭手・赤
天日ノ,,4,unresolved,天日ノ篭手・赤 / 天日ノ篭手・青
キングロブスタ,King,3,en-patch,キングロブスタヘルム / キングロブスタアーム
セフティ,Safety,3,en-patch,セフティＳピアス / セフティピアス
スティールＵ,Steel,3,en-patch,スティールＵメイル / スティールＵアーム
ブリッツGF,Blitz,3,en-patch,ブリッツGFベスト / ブリッツGFアーム
ミラバルカン,Fatalis,2,en-patch,ミラバルカンヘッド / ミラバルカンフット
ストレングス,Strength,2,en-patch,ストレングスヘッド / ストレングスＤヘッド
狩人の,Carthorse,2,en-patch,狩人のピアス【運搬】 / 狩人のピアス【釣師】
ビストロＵ,Bistro,2,en-patch,ビストロＵキャップ / ビストロＵベスト
ラヴァーズ,Lovers,2,en-patch,ラヴァーズピアス / ラヴァーズＦピアス
ソウイル,Sowilo,2,en-patch,ソウイルピアス / ソウイルＦピアス
アンサズ,Ansuz,2,en-patch,アンサズピアス / アンサズＦピアス
エオロー,Eolh,2,en-patch,エオローピアス / エオローＦピアス
ラグズ,Laguz,2,en-patch,ラグズピアス / ラグズＦピアス
ゲーボ,Gebo,2,en-patch,ゲーボピアス / ゲーボＦピアス
テイワズ,Teiwaz,2,en-patch,テイワズピアス / テイワズＦピアス
ウルズ,Uruz,2,en-patch,ウルズピアス / ウルズＦピアス
エイワズ,Eihwaz,2,en-patch,エイワズピアス / エイワズＦピアス
レビGF,Rebidiora,2,en-patch,レビGFヘッド / レビGFフット
ドラゴンGF,Dragon,2,en-patch,ドラゴンGFヘッド / ドラゴンGFフット
バルカンGF,Vulcan,2,en-patch,バルカンGFヘッド / バルカンGFフット
ネコGF,,2,unresolved,ネコGFピアス【慰労】 / ネコGFピアス【剣客】
ルチャル,Luchar,2,en-patch,ルチャルＧピアス / ルチャルGXピアス
ルコGF,Ruko,2,en-patch,ルコGFヘッド / ルコGFフット
ヘルト,Heruto,2,en-patch,ヘルトＧピアス / ヘルトGXピアス
イロアス,Iroasu,2,en-patch,イロアスＧピアス / イロアスGXピアス
ドラゴンSC,Dragon,2,en-patch,ドラゴンSCヘッド / ドラゴンSCフット
ドラゴンGD,Dragon,2,en-patch,ドラゴンGDヘッド / ドラゴンGDフット
バルカンGD,Vulcan,2,en-patch,バルカンGDヘッド / バルカンGDフット
ヘルパー,Helper,2,en-patch,ヘルパーベスト / ヘルパーＲベスト
スカラーGF,Scholar,2,en-patch,スカラーGFスーツ / スカラーGFベスト
キリンGF,Kirin,2,en-patch,キリンGFベスト / キリンGFブーツ
旋風,,2,unresolved,旋風篭手 / 旋風Ｆ篭手
巴,,2,unresolved,巴篭手 / 巴Ｆ篭手
クロムメタル,Chrome,2,en-patch,クロムメタルコイル / クロムメタルブーツ
Ｃ・ライト,,2,unresolved,Ｃ・ライトＳベルト / Ｃ・ライトＬベルト
ガブラスーツ,Gablasts,2,romaji,ガブラスーツベルト / ガブラスーツフット
マカルパ,Makluva,2,en-patch,マカルパコイル / マカルパＲコイル
レッド,Redd,1,romaji,レッドピアス
ブルー,Bl,1,romaji,ブルーピアス
イエロー,Iero,1,romaji,イエローピアス
ブラック,Blakk,1,romaji,ブラックピアス
ホワイト,Howait,1,romaji,ホワイトピアス
技の,of,1,en-patch,技のピアス
力の,of,1,en-patch,力のピアス
命の,of,1,en-patch,命のピアス
名人の,Expert's,1,en-patch,名人のピアス
職人の,Craftsman's,1,en-patch,職人のピアス
凄腕の,Master's,1,en-patch,凄腕のピアス
強運の,of,1,en-patch,強運のピアス
悪運の,Ill,1,en-patch,悪運のピアス
護人の,Protector's,1,en-patch,護人のピアス
勇者の,Hero's,1,en-patch,勇者のピアス
フレアー,Freya,1,en-patch,フレアーピアス
ラフねこ服,Rough,1,en-patch,ラフねこ服マスク
常連の,Regular's,1,en-patch,常連のピアス
セフティＵ,Safety,1,en-patch,セフティＵピアス
トリビュート,Tribute,1,en-patch,トリビュートピアス
衝撃の,Shock,1,en-patch,衝撃のピアス
射手の,Marksman's,1,en-patch,射手のピアス
先見の,Foresight,1,en-patch,先見のピアス
捨身の,Sacrifice,1,en-patch,捨身のピアス
慈愛の,Fraternal,1,en-patch,慈愛のピアス
マーレ,Mare,1,romaji,マーレピアス
スカイ,Sky,1,en-patch,スカイピアス
ランド,Land,1,en-patch,ランドピアス
ディアリー,Dearly,1,en-patch,ディアリーピアス
バディー,Buddy,1,en-patch,バディーピアス
ムース,Moose,1,en-patch,ムースヘッド
ルーフス,Rufus,1,en-patch,ルーフスピアス
シーニー,Shini,1,romaji,シーニーピアス
ジョーヌ,Jaune,1,en-patch,ジョーヌピアス
アルブス,Arbs,1,romaji,アルブスピアス
プレート,Plate,1,en-patch,プレートピアス
ダンシン,Danshin,1,romaji,ダンシンピアス
アメニケ,Amenike,1,romaji,アメニケピアス
海洋の,Ocean,1,en-patch,海洋のピアス
天空の,Sky,1,en-patch,天空のピアス
大地の,Earth,1,en-patch,大地のピアス
コントラGF,Contra,1,en-patch,コントラGFピアス
ジントラGF,Jintora,1,en-patch,ジントラGFピアス
アントラGF,Antora,1,en-patch,アントラGFピアス
ビントラGF,Bintora,1,en-patch,ビントラGFピアス
タントラGF,Tantora,1,en-patch,タントラGFピアス
ルチャルGF,Luchar,1,en-patch,ルチャルGFピアス
歌姫ＤＩＶＡ,Utahime,1,en-patch,歌姫ＤＩＶＡピアス
ヘルトGF,Heruto,1,en-patch,ヘルトGFピアス
イロアスGF,Iroasu,1,en-patch,イロアスGFピアス
ヘルパーＵ,Helper,1,en-patch,ヘルパーＵベスト
ヒーラーＵ,Healer,1,en-patch,ヒーラーＵベスト
メイド,Maid,1,en-patch,メイドベスト
プライベート,Private,1,en-patch,プライベートベスト
ギルドヒーロー,Girdhiro,1,romaji,ギルドヒーローメイル
スカラーＣ,Scholar,1,en-patch,スカラーＣスーツ
金色ノ,Golden,1,en-patch,金色ノ篭手
黒子ノ,,1,unresolved,黒子ノ篭手
破龍の,,1,unresolved,破龍の篭手
シカリの,Shikari,1,en-patch,シカリの篭手
鬼神ノ,Demon,1,en-patch,鬼神ノ篭手
童子ノ,,1,unresolved,童子ノ篭手
刹帝利ノ,,1,unresolved,刹帝利ノ篭手
婆羅門ノ,,1,unresolved,婆羅門ノ篭手
流転の,,1,unresolved,流転の篭手
旋転の,,1,unresolved,旋転の篭手
嵐転の,Rolling,1,en-patch,嵐転の篭手
地転の,Rolling,1,en-patch,地転の篭手
月陽ノ,Moonlight,1,en-patch,月陽ノ篭手
曙光ノ,Dawnbreak,1,en-patch,曙光ノ篭手
和花ノ,Waka,1,en-patch,和花ノ篭手
和奏ノ,Wasou,1,en-patch,和奏ノ篭手
白銀の甲冑,,1,unresolved,白銀の甲冑・篭手
白銀の甲冑Ｆ,,1,unresolved,白銀の甲冑Ｆ・篭手
白銀の甲冑FZ,,1,unresolved,白銀の甲冑FZ・篭手
白銀の甲冑HS,,1,unresolved,白銀の甲冑HS・篭手
白銀の甲冑GS,,1,unresolved,白銀の甲冑GS・篭手
白銀の甲冑GP,,1,unresolved,白銀の甲冑GP・篭手
白銀の甲冑ZP,,1,unresolved,白銀の甲冑ZP・篭手
白銀の甲冑Ｄ,,1,unresolved,白銀の甲冑Ｄ・篭手
十二勇士甲冑,,1,unresolved,十二勇士甲冑・篭手
十二勇士甲冑Ｆ,,1,unresolved,十二勇士甲冑Ｆ・篭手
十二勇士甲冑FZ,,1,unresolved,十二勇士甲冑FZ・篭手
十二勇士甲冑HS,,1,unresolved,十二勇士甲冑HS・篭手
十二勇士甲冑GS,,1,unresolved,十二勇士甲冑GS・篭手
十二勇士甲冑GP,,1,unresolved,十二勇士甲冑GP・篭手
十二勇士甲冑ZP,,1,unresolved,十二勇士甲冑ZP・篭手
竜殺しの甲冑,,1,unresolved,竜殺しの甲冑・篭手
竜殺しの甲冑Ｆ,,1,unresolved,竜殺しの甲冑Ｆ・篭手
竜殺しの甲冑FZ,,1,unresolved,竜殺しの甲冑FZ・篭手
竜殺しの甲冑HS,,1,unresolved,竜殺しの甲冑HS・篭手
竜殺しの甲冑GS,,1,unresolved,竜殺しの甲冑GS・篭手
竜殺しの甲冑GP,,1,unresolved,竜殺しの甲冑GP・篭手
竜殺しの甲冑ZP,,1,unresolved,竜殺しの甲冑ZP・篭手
叛逆の甲冑,,1,unresolved,叛逆の甲冑・篭手
叛逆の甲冑Ｆ,,1,unresolved,叛逆の甲冑Ｆ・篭手
叛逆の甲冑FZ,,1,unresolved,叛逆の甲冑FZ・篭手
叛逆の甲冑HS,,1,unresolved,叛逆の甲冑HS・篭手
叛逆の甲冑GS,,1,unresolved,叛逆の甲冑GS・篭手
叛逆の甲冑GP,,1,unresolved,叛逆の甲冑GP・篭手
叛逆の甲冑ZP,,1,unresolved,叛逆の甲冑ZP・篭手
十二勇士甲冑Ｄ,,1,unresolved,十二勇士甲冑Ｄ・篭手
竜殺しの甲冑Ｄ,,1,unresolved,竜殺しの甲冑Ｄ・篭手
叛逆の甲冑Ｄ,,1,unresolved,叛逆の甲冑Ｄ・篭手
了奏ノ,Ryoso,1,en-patch,了奏ノ篭手
スキンライト,Skin,1,en-patch,スキンライトベルト
チェーンライト,Chainmail,1,en-patch,チェーンライトベルト
アイアン,Iron,1,en-patch,アイアンベルト
ハイド,Hide,1,en-patch,ハイドベルト
マスター,Masta,1,romaji,マスターベルト
マカルパＵ,Makluva,1,en-patch,マカルパＵコイル
シルバーメタル,Metal,1,en-patch,シルバーメタルブーツ
ダークメタル,Dark,1,en-patch,ダークメタルブーツ
ピンクメタル,Metal,1,en-patch,ピンクメタルブーツ
モス,Mosswine,1,monster,モスフット
ランポスーツ,Ranposts,1,romaji,ランポスーツフット
ゲネポスーツ,Geneposts,1,romaji,ゲネポスーツフット
イーオスーツ,Iosts,1,romaji,イーオスーツフット
ギアノスーツ,Gianosts,1,romaji,ギアノスーツフット
ブレイドメタル,Bleidmetal,1,romaji,ブレイドメタルブーツ
ハセルヴォル,Haservol,1,romaji,ハセルヴォルフット
