jp,fr,source
LV1 回復弾,Guérison,capcom-official:mhrise-sunbreak
LV1 徹甲榴弾,Antiblindage,capcom-official:mhrise-sunbreak
LV1 拡散弾,Fragmentation,capcom-official:mhrise-sunbreak
LV1 放散弾,Shrapnel,capcom-official:mhrise-sunbreak
LV1 散弾,Grenaille,capcom-official:mhrise-sunbreak
LV1 毒弾,Toxique,capcom-official:mhrise-sunbreak
LV1 減気弾,Léthargique,capcom-official:mhrise-sunbreak
LV1 睡眠弾,Somnifère,capcom-official:mhrise-sunbreak
LV1 貫通弾,Perforant,capcom-official:mhrise-sunbreak
LV1 通常弾,Normal,capcom-official:mhrise-sunbreak
LV1 麻痺弾,Paralysant,capcom-official:mhrise-sunbreak
LV2 回復弾,Guérison II,capcom-official:mhrise-sunbreak
LV2 徹甲榴弾,Antiblindage II,capcom-official:mhrise-sunbreak
LV2 拡散弾,Fragmentation II,capcom-official:mhrise-sunbreak
LV2 放散弾,Shrapnel II,capcom-official:mhrise-sunbreak
LV2 散弾,Grenaille II,capcom-official:mhrise-sunbreak
LV2 毒弾,Toxique II,capcom-official:mhrise-sunbreak
LV2 減気弾,Léthargique II,capcom-official:mhrise-sunbreak
LV2 火薬粉,Poudre canon II,capcom-official:mhrise-sunbreak
LV2 睡眠弾,Somnifère II,capcom-official:mhrise-sunbreak
LV2 貫通弾,Perforant II,capcom-official:mhrise-sunbreak
LV2 通常弾,Normal II,capcom-official:mhrise-sunbreak
LV2 麻痺弾,Paralysant II,capcom-official:mhrise-sunbreak
LV3 徹甲榴弾,Antiblindage III,capcom-official:mhrise-sunbreak
LV3 拡散弾,Fragmen. III,capcom-official:mhrise-sunbreak
LV3 放散弾,Shrapnel III,capcom-official:mhrise-sunbreak
LV3 散弾,Grenaille III,capcom-official:mhrise-sunbreak
LV3 火薬粉,Poudre canon III,capcom-official:mhrise-sunbreak
LV3 貫通弾,Perforant III,capcom-official:mhrise-sunbreak
LV3 通常弾,Normal III,capcom-official:mhrise-sunbreak
いにしえの巨龍骨,Artéfact de dragon,capcom-official:mhrise-sunbreak
いにしえの秘薬,Potion ancest.,capcom-official:mhrise-sunbreak
いにしえの金貨,Pièce antique,capcom-official:mhrise-sunbreak
いにしえの龍秘宝,Trésor dragon ancien,capcom-official:mhrise-sunbreak
いにしえの龍骨,Relique dragon,capcom-official:mhrise-sunbreak
うさみみチケット,Ti. Oreilles lapin,capcom-official:mhrise-sunbreak
きれいな尻子玉,Nacre brillante,capcom-official:mhrise-sunbreak
きれいな腹袋,Estomac raffiné,capcom-official:mhrise-sunbreak
げどく草,Herbe antidote,capcom-official:mhrise-sunbreak
こやし玉,Bombe de bouse,capcom-official:mhrise-sunbreak
こんがり肉,Steak à point,capcom-official:mhrise-sunbreak
こんがり魚,Poisson gourmet,capcom-official:mhrise-sunbreak
しゃっこい堅氷塊,Bloc de glace+,capcom-official:mhrise-sunbreak
しゃっこい氷塊,Bloc de glace,capcom-official:mhrise-sunbreak
しゃっこい重氷塊,Bloc de glace dense,capcom-official:mhrise-sunbreak
とがった爪,Griffe acérée,capcom-official:mhrise-sunbreak
とがった牙,Croc aiguisé,capcom-official:mhrise-sunbreak
にが虫,Amerinsecte,capcom-official:mhrise-sunbreak
ねじれた堅怪骨,Os rocheux tordu,capcom-official:mhrise-sunbreak
ねじれた怪骨,Restes tordus,capcom-official:mhrise-sunbreak
ねじれた角,Corne tordue,capcom-official:mhrise-sunbreak
ねじれた重怪骨,Os dur tordu,capcom-official:mhrise-sunbreak
はじけイワシ,Poisson-grenade,capcom-official:mhrise-sunbreak
ふんわり毛糸玉,Pelote douce,capcom-official:mhrise-sunbreak
まんまるドングリ,Châtaigne ronde,capcom-official:mhrise-sunbreak
もこふわチケット,Ticket duveteux,capcom-official:mhrise-sunbreak
アイシスメタル,Icium,capcom-official:mhrise-sunbreak
アオキノコ,Champignon bleu,capcom-official:mhrise-sunbreak
アキンドングリ,Grande châtaigne,capcom-official:mhrise-sunbreak
アルティマ結晶,Cristal ultimas,capcom-official:mhrise-sunbreak
アルビノの中落ち,Os pâle,capcom-official:mhrise-sunbreak
アルビノの霜降り,Viande albinos,capcom-official:mhrise-sunbreak
アルビノエキス,Extrait pâle,capcom-official:mhrise-sunbreak
アンゴシックラゲ,Dentelluse,capcom-official:mhrise-sunbreak
アンモサカガイ,Conchabysse,capcom-official:mhrise-sunbreak
イカしたトサカ,Crête élégante,capcom-official:mhrise-sunbreak
イカダガキ,Coquiradeau,capcom-official:mhrise-sunbreak
イズチの刃尾,Queue Izuchi,capcom-official:mhrise-sunbreak
イズチの剛毛,Peau Izuchi+,capcom-official:mhrise-sunbreak
イズチの毛,Peau Izuchi,capcom-official:mhrise-sunbreak
イズチの豪剛毛,Peau Izuchi lourde,capcom-official:mhrise-sunbreak
ウチケシの実,Baie-soin,capcom-official:mhrise-sunbreak
エスピナコイン,Pièce Espinas,capcom-official:mhrise-sunbreak
エルガドチケット,Ticket Elgado,capcom-official:mhrise-sunbreak
エルトライト鉱石,Eltalite,capcom-official:mhrise-sunbreak
オオクワアゲハ,Scara-papillon,capcom-official:mhrise-sunbreak
オオヨロイシダイ,Gde brème cuirassée,capcom-official:mhrise-sunbreak
オオ毒クモリ,Grand Kumori toxique,capcom-official:mhrise-sunbreak
オトモチケット,Ticket Pilpoil,capcom-official:mhrise-sunbreak
オトモリング,Ring Pilpoil,capcom-official:mhrise-sunbreak
オルギィの厚皮,Peau épaisse Boggi,capcom-official:mhrise-sunbreak
オルギィの厚鱗,Éclat Boggi,capcom-official:mhrise-sunbreak
カクサンの実,Bombaie,capcom-official:mhrise-sunbreak
カクサンデメキン,Poisson-dynamite,capcom-official:mhrise-sunbreak
カジキマグロ,Lancethon,capcom-official:mhrise-sunbreak
カブレライト鉱石,Carbalite,capcom-official:mhrise-sunbreak
カムラチケット,Ticket Kamura,capcom-official:mhrise-sunbreak
カムラ猫影拳の帯,Ceinture Ninja F,capcom-official:mhrise-sunbreak
カラの実,Baie-coque,capcom-official:mhrise-sunbreak
カンタロスの斬羽,Élytre Hornetaur,capcom-official:mhrise-sunbreak
カンタロスの重殻,Cortex Hornetaur,capcom-official:mhrise-sunbreak
カンタロスの頭,Tête Hornetaur,capcom-official:mhrise-sunbreak
ガイアローズ,Rose de Gaïa,capcom-official:mhrise-sunbreak
ガウシカの角,Corne Anteka,capcom-official:mhrise-sunbreak
ガウシカの重角,Corne fière Anteka,capcom-official:mhrise-sunbreak
ガル面具チケット,Ti. masque Canyn,capcom-official:mhrise-sunbreak
ガーグァのフン,Guano de Gargwa,capcom-official:mhrise-sunbreak
ガーグァの卵,Œuf de Gargwa,capcom-official:mhrise-sunbreak
ガーグァの金の卵,Œuf d'or Gargwa,capcom-official:mhrise-sunbreak
キレアジ,Poissaiguiseur,capcom-official:mhrise-sunbreak
キングカブト,Roi Rhino,capcom-official:mhrise-sunbreak
ギルドチケット,Ticket Guilde,capcom-official:mhrise-sunbreak
クモの巣,Toile d'araignée,capcom-official:mhrise-sunbreak
クルルコイン,Pièce Kulu,capcom-official:mhrise-sunbreak
グラシスメタル,Gracium,capcom-official:mhrise-sunbreak
グラスチケット,Ticket lunettes,capcom-official:mhrise-sunbreak
グンカンガキ,Giga huître,capcom-official:mhrise-sunbreak
ケストドンの堅殻,Cuirasse Kesto.,capcom-official:mhrise-sunbreak
ケストドンの甲殻,Carapace Kesto.,capcom-official:mhrise-sunbreak
ケストドンの重殻,Coque Kestodon,capcom-official:mhrise-sunbreak
ケストドンの頭殻,Scalp Kestodon,capcom-official:mhrise-sunbreak
ケムリの実,Noix fumigène,capcom-official:mhrise-sunbreak
ケルビの角,Corne Kelbi,capcom-official:mhrise-sunbreak
コゲ肉,Viande brûlée,capcom-official:mhrise-sunbreak
コスモローズ,Rose cosmique,capcom-official:mhrise-sunbreak
ゴシックラゲ,Mimiduse,capcom-official:mhrise-sunbreak
ゴスゴシックラゲ,Médusa,capcom-official:mhrise-sunbreak
ゴッドカブト,Rhino divin,capcom-official:mhrise-sunbreak
ゴルドライト鉱石,Orite,capcom-official:mhrise-sunbreak
ゴルムコイン,Pièce Garangolm,capcom-official:mhrise-sunbreak
ゴールデンデン,Escargot d'or,capcom-official:mhrise-sunbreak
サシミウオ,Sushipoisson,capcom-official:mhrise-sunbreak
サファイアン鉱石,Minerai de saphir,capcom-official:mhrise-sunbreak
サンドローズ,Rose des sables,capcom-official:mhrise-sunbreak
ザザミコイン,Pièce Hermitaur,capcom-official:mhrise-sunbreak
ザンレツの実,Noix tranchante,capcom-official:mhrise-sunbreak
シビシビ柿,Paralyfruit,capcom-official:mhrise-sunbreak
シビレ生肉,Viande paral.,capcom-official:mhrise-sunbreak
シビレ罠,Piège électroch.,capcom-official:mhrise-sunbreak
ジャギィの上皮,Peau Jaggi+,capcom-official:mhrise-sunbreak
ジャギィの上鱗,Écaille Jaggi+,capcom-official:mhrise-sunbreak
ジャギィの厚皮,Cuir Jaggi,capcom-official:mhrise-sunbreak
ジャギィの厚鱗,Éclat Jaggi,capcom-official:mhrise-sunbreak
ジャギィの皮,Peau Jaggi,capcom-official:mhrise-sunbreak
ジャギィの鱗,Écaille Jaggi,capcom-official:mhrise-sunbreak
ジャグラスの上皮,Peau Jagras+,capcom-official:mhrise-sunbreak
ジャグラスの上鱗,Écaille Jagras+,capcom-official:mhrise-sunbreak
ジャグラスの厚鱗,Éclat Jagras,capcom-official:mhrise-sunbreak
ジャグラスの皮,Peau Jagras,capcom-official:mhrise-sunbreak
ジャグラスの鱗,Écaille Jagras,capcom-official:mhrise-sunbreak
スチームチケット,Ticket vapeur,capcom-official:mhrise-sunbreak
センテイガキ,Méga huître,capcom-official:mhrise-sunbreak
セントリア鉱石,Minerai Centuria,capcom-official:mhrise-sunbreak
タルの蓋,Couvercle baril,capcom-official:mhrise-sunbreak
ダイグンカンガキ,Énorme huître,capcom-official:mhrise-sunbreak
チャッカの実,Noix-de-feu,capcom-official:mhrise-sunbreak
チャッカツオ,Combusthon,capcom-official:mhrise-sunbreak
ツタの葉,Lierre,capcom-official:mhrise-sunbreak
ツラヌキの実,Baie-grippe,capcom-official:mhrise-sunbreak
テンゴコイン,Pièce Bishaten,capcom-official:mhrise-sunbreak
デカデカ柿,Gigananas,capcom-official:mhrise-sunbreak
トラップツール,Kit de piège,capcom-official:mhrise-sunbreak
トレビスマス結晶,Très gros bloc bism.,capcom-official:mhrise-sunbreak
ドキドキノコ,Champexciteur,capcom-official:mhrise-sunbreak
ドクドク柿,Fruit poison,capcom-official:mhrise-sunbreak
ドスキレアジ,G. poissaiguis.,capcom-official:mhrise-sunbreak
ドスクワアゲハ,Papillon bi-labre,capcom-official:mhrise-sunbreak
ドスチャッカツオ,Gros Combusthon,capcom-official:mhrise-sunbreak
ドスハッカジキ,G. Piranhardent,capcom-official:mhrise-sunbreak
ドスビスカス,Hibiscus,capcom-official:mhrise-sunbreak
ドスビスマス結晶,Gros bloc bism.,capcom-official:mhrise-sunbreak
ドス大食いマグロ,G. thon glouton,capcom-official:mhrise-sunbreak
ドラグライト鉱石,Dragonite,capcom-official:mhrise-sunbreak
ドンドルマリン,Joyau Dundorma,capcom-official:mhrise-sunbreak
ナルガコイン,Pièce Nargacuga,capcom-official:mhrise-sunbreak
ナルホドングリ,Eurekagland,capcom-official:mhrise-sunbreak
ニトロダケ,Champinitro,capcom-official:mhrise-sunbreak
ヌシのねじれた角,Corne supérieure,capcom-official:mhrise-sunbreak
ヌシの屍毒棘,P. poison sup.,capcom-official:mhrise-sunbreak
ヌシの泡立つ滑液,Mousse sup.,capcom-official:mhrise-sunbreak
ヌシの熊掌,Griffe sup.,capcom-official:mhrise-sunbreak
ヌシの超電殻,Carapace sup.,capcom-official:mhrise-sunbreak
ヌシの轟炎袋,Poche feu sup.,capcom-official:mhrise-sunbreak
ネオゴッドカブト,Rhino transcendant,capcom-official:mhrise-sunbreak
ネコ毛の大紅玉,Super Rubis Felyne,capcom-official:mhrise-sunbreak
ネコ毛の紅玉,Rubis Felyne,capcom-official:mhrise-sunbreak
ネット,Filet,capcom-official:mhrise-sunbreak
ネムリ草,Herbe du sommeil,capcom-official:mhrise-sunbreak
ノヴァクリスタル,Cristal nova,capcom-official:mhrise-sunbreak
ハチミツ,Miel,capcom-official:mhrise-sunbreak
ハッカの実,Noix-de-volcan,capcom-official:mhrise-sunbreak
ハッカジキ,Piranhardent,capcom-official:mhrise-sunbreak
ハナスズムシ,Grillon fleuri,capcom-official:mhrise-sunbreak
ハリの実,Baiguille,capcom-official:mhrise-sunbreak
ハンターリング,Ring de chasse,capcom-official:mhrise-sunbreak
バギィの上鱗,Écaille Baggi+,capcom-official:mhrise-sunbreak
バギィの皮,Peau Baggi,capcom-official:mhrise-sunbreak
バギィの鱗,Écaille Baggi,capcom-official:mhrise-sunbreak
バクレツの実,Noix dynamite,capcom-official:mhrise-sunbreak
バゼルコイン,Pièce Bazelgeuse,capcom-official:mhrise-sunbreak
バリスタ弾,Tir de baliste,capcom-official:mhrise-sunbreak
バルバレクォーツ,Quartz Val Habar,capcom-official:mhrise-sunbreak
バンダナチケット,Ticket bandana,capcom-official:mhrise-sunbreak
パールデンデン,Escargot à perles,capcom-official:mhrise-sunbreak
ビスマス七光石,Prisme bismuth irid.,capcom-official:mhrise-sunbreak
ビスマス光石,Prisme bismuth,capcom-official:mhrise-sunbreak
ビスマス石,Fragm. bismuth,capcom-official:mhrise-sunbreak
ビスマス結晶,Bloc de bismuth,capcom-official:mhrise-sunbreak
ビスマス輝石,Augite bismuth,capcom-official:mhrise-sunbreak
ビッグラブレシア,Laffresia géant,capcom-official:mhrise-sunbreak
ピカピカ柿,Fruit flash,capcom-official:mhrise-sunbreak
ピュアクリスタル,Cristal de sérénité,capcom-official:mhrise-sunbreak
ファンゴの上毛皮,Pel. Bullfango+,capcom-official:mhrise-sunbreak
ファンゴの厚毛皮,Fourrure Bullfango,capcom-official:mhrise-sunbreak
ファンゴの毛皮,Pelage Bullfango,capcom-official:mhrise-sunbreak
ファンゴの頭,Tête Bullfango,capcom-official:mhrise-sunbreak
フロギィの上鱗,Écaille Wroggi+,capcom-official:mhrise-sunbreak
フロギィの皮,Peau Wroggi,capcom-official:mhrise-sunbreak
フロギィの鱗,Écaille Wroggi,capcom-official:mhrise-sunbreak
フロシスメタル,Frocium,capcom-official:mhrise-sunbreak
ブヨブヨした皮,Cuir flasque,capcom-official:mhrise-sunbreak
ブラッドチケット,Ticket sanglant,capcom-official:mhrise-sunbreak
プラチナのたまご,Œuf de platine,capcom-official:mhrise-sunbreak
ベリオコイン,Pièce Barioth,capcom-official:mhrise-sunbreak
ベルナストーン,Pierre de Bherna,capcom-official:mhrise-sunbreak
ペピポパンプキン,Potironron,capcom-official:mhrise-sunbreak
ホワイトレバー,Foie blanc,capcom-official:mhrise-sunbreak
ボロスコイン,Pièce Barroth,capcom-official:mhrise-sunbreak
ポポノタン,Langue de Popo,capcom-official:mhrise-sunbreak
マカライト鉱石,Machalite,capcom-official:mhrise-sunbreak
マキシパンプキン,Maxipotiron,capcom-official:mhrise-sunbreak
マクラサカガイ,Narcoquillage,capcom-official:mhrise-sunbreak
マタタビ,Felvine,capcom-official:mhrise-sunbreak
マッスルの証明,Badge muscle,capcom-official:mhrise-sunbreak
マッスルの証明Ｇ,Badge muscle+,capcom-official:mhrise-sunbreak
マヒダケ,Champaralysie,capcom-official:mhrise-sunbreak
マンドラゴラ,Mandragore,capcom-official:mhrise-sunbreak
マーレチケット,Ticket Océan,capcom-official:mhrise-sunbreak
ミナガルデナイト,Minegardenite,capcom-official:mhrise-sunbreak
ムーンドロップ,Goutte de lune,capcom-official:mhrise-sunbreak
メランジェ鉱石,Meldium,capcom-official:mhrise-sunbreak
モドリ玉,Téléportogène,capcom-official:mhrise-sunbreak
モンスターのキモ,Boyaux monstre,capcom-official:mhrise-sunbreak
モンスターのフン,Bouse,capcom-official:mhrise-sunbreak
モンスターの体液,Liquide monstre,capcom-official:mhrise-sunbreak
モンスターの濃汁,Bouillon monstre,capcom-official:mhrise-sunbreak
モンスターの特濃,Essence de monstre,capcom-official:mhrise-sunbreak
ヤクヨケダケ,Champi Nohsic,capcom-official:mhrise-sunbreak
ユニオン鉱石,Fucium,capcom-official:mhrise-sunbreak
ヨロイシダイ,Brème cuirassée,capcom-official:mhrise-sunbreak
ライトクリスタル,Cristal lumière,capcom-official:mhrise-sunbreak
ラブラブレシア,Alaffresia,capcom-official:mhrise-sunbreak
ラブレシア,Laffresia,capcom-official:mhrise-sunbreak
ランゴスタの斬羽,Élytre Vespoid,capcom-official:mhrise-sunbreak
ランゴスタの重殻,Cortex Vespoid,capcom-official:mhrise-sunbreak
ランポスの厚皮,Peau épaisse Velociprey,capcom-official:mhrise-sunbreak
ランポスの厚鱗,Éclat Velociprey,capcom-official:mhrise-sunbreak
ランマンスズムシ,Criquet pastoral,capcom-official:mhrise-sunbreak
ラージャンコイン,Pièce Rajang,capcom-official:mhrise-sunbreak
ラージャンハート,Cœur Rajang,capcom-official:mhrise-sunbreak
リュウゲキの実,Noix frap.-drag.,capcom-official:mhrise-sunbreak
リング,Ring,capcom-official:mhrise-sunbreak
ルナガロコイン,Pièce Lunagaron,capcom-official:mhrise-sunbreak
ロイヤルカブト,Rhino royal,capcom-official:mhrise-sunbreak
ロックラック鉱,Minerai Loc Lac,capcom-official:mhrise-sunbreak
ロックローズ,Rose de pierre,capcom-official:mhrise-sunbreak
ワイルドな黒革,Cuir ténébreux,capcom-official:mhrise-sunbreak
ワヲンパンプキン,Gigatiron,capcom-official:mhrise-sunbreak
ヴァリアビスカス,Valiabiscus,capcom-official:mhrise-sunbreak
三ツ星ツボカズラ,Plante gourmande,capcom-official:mhrise-sunbreak
三連バリスタ弾,Tir baliste x 3,capcom-official:mhrise-sunbreak
上竜骨,Os de monstre+,capcom-official:mhrise-sunbreak
上質なねじれた角,Corne majest.,capcom-official:mhrise-sunbreak
上質なヒレ,Nageoire qualité,capcom-official:mhrise-sunbreak
上質な堅骨,Os de qualité,capcom-official:mhrise-sunbreak
上質な毛皮,Pel. de qualité,capcom-official:mhrise-sunbreak
上質な腹袋,Estomac qualité,capcom-official:mhrise-sunbreak
上鎧玉,Sphère d'armure+,capcom-official:mhrise-sunbreak
不死虫,Insecte immortel,capcom-official:mhrise-sunbreak
不死虫コーパル,Copale Insecte-dieu,capcom-official:mhrise-sunbreak
丸鳥の特上羽,Plume fine Gargwa,capcom-official:mhrise-sunbreak
丸鳥の羽,Plume Gargwa,capcom-official:mhrise-sunbreak
二律を纏う乱翼,Aile antinomique,capcom-official:mhrise-sunbreak
二連バリスタ弾,Tir baliste x 2,capcom-official:mhrise-sunbreak
二連大砲弾,Mun. canon x 2,capcom-official:mhrise-sunbreak
二連大砲弾・強,Munitions canon x2,capcom-official:mhrise-sunbreak
五ツ星ツボカズラ,Plante penta,capcom-official:mhrise-sunbreak
人魚竜のゆめみ粉,Poudre rêve Somna.,capcom-official:mhrise-sunbreak
人魚竜の上鱗,Écaille Somna.+,capcom-official:mhrise-sunbreak
人魚竜の剛鉤爪,Serre oni Somnacanth,capcom-official:mhrise-sunbreak
人魚竜の厚鱗,Éclat Somnacanth,capcom-official:mhrise-sunbreak
人魚竜の堅殻,Carapace Somna.+,capcom-official:mhrise-sunbreak
人魚竜の尖鉤爪,Griffe Somna.+,capcom-official:mhrise-sunbreak
人魚竜の微睡み粉,Sédatif Somna.,capcom-official:mhrise-sunbreak
人魚竜の怒髪ヒレ,Nageoire Somna.+,capcom-official:mhrise-sunbreak
人魚竜の甲殻,Carapace Somna.,capcom-official:mhrise-sunbreak
人魚竜の眠り粉,Poussière Somna.,capcom-official:mhrise-sunbreak
人魚竜の荒髪ヒレ,Nageoire sauv. Somna.,capcom-official:mhrise-sunbreak
人魚竜の重殻,Cortex Somnacanth,capcom-official:mhrise-sunbreak
人魚竜の鉤爪,Serre Somna.,capcom-official:mhrise-sunbreak
人魚竜の髪ヒレ,Nageoire Somna.,capcom-official:mhrise-sunbreak
人魚竜の鱗,Écaille Somna.,capcom-official:mhrise-sunbreak
代償の異国製図,Dessins de compensation,capcom-official:mhrise-sunbreak
伝統の団子素材,Épice mythique,capcom-official:mhrise-sunbreak
修羅原珠,Joyau de sang,capcom-official:mhrise-sunbreak
俳句集『庵点』,Haïku : en chanson,capcom-official:mhrise-sunbreak
偉大なクチバシ,Bec impérial,capcom-official:mhrise-sunbreak
偉大なトサカ,Crête glorieuse,capcom-official:mhrise-sunbreak
傀氣マカ油,Sang de fusion,capcom-official:mhrise-sunbreak
傀異化した上皮,Peau affligée+,capcom-official:mhrise-sunbreak
傀異化した上鱗,Écaille affligée+,capcom-official:mhrise-sunbreak
傀異化した凶上鱗,Écaille malv. alt.+,capcom-official:mhrise-sunbreak
傀異化した凶剛爪,Griffe dure malv. affligé,capcom-official:mhrise-sunbreak
傀異化した凶剛翼,Égide malv. alt.,capcom-official:mhrise-sunbreak
傀異化した凶剛角,Corne dure malv. affligée,capcom-official:mhrise-sunbreak
傀異化した凶厚鱗,Éclat malv. affl.,capcom-official:mhrise-sunbreak
傀異化した凶堅殻,Cuirasse malv. alt.,capcom-official:mhrise-sunbreak
傀異化した凶堅骨,Os dur malv. affligé,capcom-official:mhrise-sunbreak
傀異化した凶尖爪,Griffe malv. alt.+,capcom-official:mhrise-sunbreak
傀異化した凶尖角,Corne malv. alt.+,capcom-official:mhrise-sunbreak
傀異化した凶殻,Carapace malv. alt.,capcom-official:mhrise-sunbreak
傀異化した凶浄血,Sang dragon malv. affligé,capcom-official:mhrise-sunbreak
傀異化した凶濃血,Sang malv. alt.,capcom-official:mhrise-sunbreak
傀異化した凶爪,Griffe malv. alt.,capcom-official:mhrise-sunbreak
傀異化した凶牙,Croc malv. affligé,capcom-official:mhrise-sunbreak
傀異化した凶翼,Aile malv. affligée+,capcom-official:mhrise-sunbreak
傀異化した凶翼膜,Aile malv. affligée,capcom-official:mhrise-sunbreak
傀異化した凶血,Sang malv. affligé,capcom-official:mhrise-sunbreak
傀異化した凶角,Corne diabolique affligée,capcom-official:mhrise-sunbreak
傀異化した凶重殻,Cortex malv. affligé,capcom-official:mhrise-sunbreak
傀異化した凶重牙,Croc lourd malv. alt.,capcom-official:mhrise-sunbreak
傀異化した凶重骨,Os robustos affligé,capcom-official:mhrise-sunbreak
傀異化した凶鋭牙,Croc malv. affligé+,capcom-official:mhrise-sunbreak
傀異化した凶骨,Os diabolique affligé,capcom-official:mhrise-sunbreak
傀異化した凶鱗,Écaille diabolique affligée,capcom-official:mhrise-sunbreak
傀異化した剛爪,Serre affligée,capcom-official:mhrise-sunbreak
傀異化した厚皮,Peau épaisse affligée,capcom-official:mhrise-sunbreak
傀異化した厚鱗,Éclat affligé,capcom-official:mhrise-sunbreak
傀異化した堅殻,Cuirasse affligée,capcom-official:mhrise-sunbreak
傀異化した堅竜骨,Os dur de monstre affligé,capcom-official:mhrise-sunbreak
傀異化した堅骨,Os dur affligé,capcom-official:mhrise-sunbreak
傀異化した尖爪,Griffe affligée+,capcom-official:mhrise-sunbreak
傀異化した浄濃血,Sang pur affligé,capcom-official:mhrise-sunbreak
傀異化した浄血,Sang dragon affligé,capcom-official:mhrise-sunbreak
傀異化した爪,Griffe affligée,capcom-official:mhrise-sunbreak
傀異化した牙,Croc affligé,capcom-official:mhrise-sunbreak
傀異化した甲殻,Carapace affligée,capcom-official:mhrise-sunbreak
傀異化した皮,Peau affligée,capcom-official:mhrise-sunbreak
傀異化した竜骨,Os de monstre affligé,capcom-official:mhrise-sunbreak
傀異化した血,Sang affligé,capcom-official:mhrise-sunbreak
傀異化した重殻,Cortex affligé,capcom-official:mhrise-sunbreak
傀異化した重牙,Croc lourd affligé,capcom-official:mhrise-sunbreak
傀異化した重竜骨,Os robustos de monstre affligé,capcom-official:mhrise-sunbreak
傀異化した重骨,Os robustos affligé,capcom-official:mhrise-sunbreak
傀異化した鋭牙,Croc affligé+,capcom-official:mhrise-sunbreak
傀異化した骨,Os affligé,capcom-official:mhrise-sunbreak
傀異化した鱗,Écaille affligée,capcom-official:mhrise-sunbreak
傀異原珠,Joyau Anomalie,capcom-official:mhrise-sunbreak
傀異調査チケット,Ticket Anomalie,capcom-official:mhrise-sunbreak
傘鳥のクチバシ,Bec Aknosom,capcom-official:mhrise-sunbreak
傘鳥のトサカ,Crête Aknosom,capcom-official:mhrise-sunbreak
傘鳥の上羽鱗,Plume Aknosom+,capcom-official:mhrise-sunbreak
傘鳥の上鱗,Éc. Aknosom+,capcom-official:mhrise-sunbreak
傘鳥の厚鱗,Éclat Aknosom,capcom-official:mhrise-sunbreak
傘鳥の大トサカ,Crête Aknosom+,capcom-official:mhrise-sunbreak
傘鳥の特上羽鱗,Aigrette Aknosom,capcom-official:mhrise-sunbreak
傘鳥の紅嘴,Bec de feu d'Aknosom,capcom-official:mhrise-sunbreak
傘鳥の羽鱗,Plume Aknosom,capcom-official:mhrise-sunbreak
傘鳥の華鶏冠,Crête de tête Aknosom,capcom-official:mhrise-sunbreak
傘鳥の鱗,Écaille Aknosom,capcom-official:mhrise-sunbreak
傷ついた重古骨,Vieil os abîmé,capcom-official:mhrise-sunbreak
元気ドリンコ,Boisson éner.,capcom-official:mhrise-sunbreak
光蟲,Flashinsecte,capcom-official:mhrise-sunbreak
兵隊のフェロモン,Subst. butineuse,capcom-official:mhrise-sunbreak
冥淵龍の堕翼爪,Griffe de l'Archidémon,capcom-official:mhrise-sunbreak
冥淵龍の昏鉤尾,Queue de l'Archidémon,capcom-official:mhrise-sunbreak
冥淵龍の穿淵爪,Serres de l'Archidémon,capcom-official:mhrise-sunbreak
冥淵龍の背巌殻,Carapace de l'Archidémon,capcom-official:mhrise-sunbreak
冥淵龍の邪角,Pieux de l'Archidémon,capcom-official:mhrise-sunbreak
冰龍の冠角,Corona Velkhana,capcom-official:mhrise-sunbreak
冰龍の剛爪,Serre Velkhana,capcom-official:mhrise-sunbreak
冰龍の剛翼,Égide Velkhana,capcom-official:mhrise-sunbreak
冰龍の重殻,Cortex Velkhana,capcom-official:mhrise-sunbreak
冰龍の零玉,Cristal Velkhana,capcom-official:mhrise-sunbreak
冰龍の靭尾,Fouet Velkhana,capcom-official:mhrise-sunbreak
冷寒ヒヤボックリ,Glaçône givré,capcom-official:mhrise-sunbreak
凍てついた重氷骨,Os dur gelé,capcom-official:mhrise-sunbreak
凍てつく狼重牙,Croc lourd gelé,capcom-official:mhrise-sunbreak
凍寒ヒヤボックリ,Glaçône glacé,capcom-official:mhrise-sunbreak
凍結袋,Poche de glace,capcom-official:mhrise-sunbreak
凝縮された爆腺液,Fluide exp. distillé,capcom-official:mhrise-sunbreak
刻を穿つ矛尾,Queue primordiale,capcom-official:mhrise-sunbreak
刻冥の龍血玉,Sanguine primordiale,capcom-official:mhrise-sunbreak
剛纏獣の剛壁拳,Poing Garangolm,capcom-official:mhrise-sunbreak
剛纏獣の厚鱗,Éclat Garangolm,capcom-official:mhrise-sunbreak
剛纏獣の重殻,Cortex Garangolm,capcom-official:mhrise-sunbreak
剛纏獣の重牙,Croc lourd Garangolm,capcom-official:mhrise-sunbreak
剛纏獣の重鍬尾,Queue-pioche Golm,capcom-official:mhrise-sunbreak
劇烈毒袋,Poche de venin,capcom-official:mhrise-sunbreak
力の爪,Griffe de force,capcom-official:mhrise-sunbreak
力の護符,Amulette force,capcom-official:mhrise-sunbreak
加工跡のある竜骨,Os rainurés,capcom-official:mhrise-sunbreak
加速拡散弾,Tir à frag. Q.,capcom-official:mhrise-sunbreak
加速速射弾,Tir rapide Q.,capcom-official:mhrise-sunbreak
勇気の証,Certif. champion,capcom-official:mhrise-sunbreak
勇気の証Ｇ,Certificat héros,capcom-official:mhrise-sunbreak
千刃竜の斬刃鱗,Trancheur Seregios+,capcom-official:mhrise-sunbreak
千刃竜の斬翼爪,Broyeur Seregios+,capcom-official:mhrise-sunbreak
千刃竜の断刀角,Écarteleur Seregios+,capcom-official:mhrise-sunbreak
千刃竜の破刃,Aérolame Seregios+,capcom-official:mhrise-sunbreak
千刃竜の絶槍尾,Empaleur Seregios+,capcom-official:mhrise-sunbreak
千刃竜の鏡玉,Œil Seregios,capcom-official:mhrise-sunbreak
千刃竜の閃裂爪,Dépeceur Seregios+,capcom-official:mhrise-sunbreak
卒倒昏睡袋,Poche de torpeur,capcom-official:mhrise-sunbreak
原初の寵鱗,Écaille primordiale,capcom-official:mhrise-sunbreak
原初の鉱石,Minerai Héritage,capcom-official:mhrise-sunbreak
厳寒ヒヤボックリ,Glaçône gelé,capcom-official:mhrise-sunbreak
厳選キノコ,Champignon parf.,capcom-official:mhrise-sunbreak
厳選タケノコ,Bambou parfait,capcom-official:mhrise-sunbreak
古の力士の手形,Motif de chasseur,capcom-official:mhrise-sunbreak
古びた真紅の角,Corne pourpre ancienne,capcom-official:mhrise-sunbreak
古びた調度品,Vaisselle usée,capcom-official:mhrise-sunbreak
古めかしい手記,Message ancien,capcom-official:mhrise-sunbreak
古龍の大宝玉,Joyau dragon ancien,capcom-official:mhrise-sunbreak
古龍の浄血,Sang dragon pur,capcom-official:mhrise-sunbreak
古龍の血,Sang dr. ancien,capcom-official:mhrise-sunbreak
古龍骨,Os dragon ancien,capcom-official:mhrise-sunbreak
名湯画・かんざし,Spa : barrette,capcom-official:mhrise-sunbreak
名湯画・帯留め,Spa : boucle,capcom-official:mhrise-sunbreak
名湯画・打掛,Spa : Kimono,capcom-official:mhrise-sunbreak
名湯画・飾り紐,Spa : ceinture,capcom-official:mhrise-sunbreak
咬魚のヒゲ,Moustache Gajau,capcom-official:mhrise-sunbreak
咬魚の上ヒゲ,Moustache Gajau+,capcom-official:mhrise-sunbreak
咬魚の上皮,Écaille Gajau,capcom-official:mhrise-sunbreak
咬魚の厚皮,Peau épaisse Gajau,capcom-official:mhrise-sunbreak
咬魚の皮,Peau Gajau,capcom-official:mhrise-sunbreak
咬魚の鋼ヒゲ,Moust. Gajau d'acier,capcom-official:mhrise-sunbreak
回復薬,Potion,capcom-official:mhrise-sunbreak
回復薬グレート,Méga potion,capcom-official:mhrise-sunbreak
土砂竜の剛爪,Serre Barroth,capcom-official:mhrise-sunbreak
土砂竜の堅殻,Cuirasse Barroth,capcom-official:mhrise-sunbreak
土砂竜の堅甲,Vertèb. Barroth+,capcom-official:mhrise-sunbreak
土砂竜の尻尾,Queue Barroth,capcom-official:mhrise-sunbreak
土砂竜の爪,Griffe Barroth,capcom-official:mhrise-sunbreak
土砂竜の甲殻,Carapace Barroth,capcom-official:mhrise-sunbreak
土砂竜の背甲,Vertèbre Barroth,capcom-official:mhrise-sunbreak
土砂竜の重殻,Cortex Barroth,capcom-official:mhrise-sunbreak
土砂竜の重甲,Échine Barroth,capcom-official:mhrise-sunbreak
土砂竜の重頭殻,Couronne Barroth,capcom-official:mhrise-sunbreak
土砂竜の鋭爪,Griffe Barroth+,capcom-official:mhrise-sunbreak
土砂竜の靭尾,Fouet Barroth,capcom-official:mhrise-sunbreak
土砂竜の頭殻,Scalp Barroth,capcom-official:mhrise-sunbreak
土香る重泥骨,Os dur encrassé,capcom-official:mhrise-sunbreak
垂皮油,Huile Slagtoth,capcom-official:mhrise-sunbreak
垂皮竜の上皮,Peau Slagtoth+,capcom-official:mhrise-sunbreak
垂皮竜の皮,Peau Slagtoth,capcom-official:mhrise-sunbreak
埋もれた古龍骨骸,Squel. ancien érodé,capcom-official:mhrise-sunbreak
埋もれた竜骨骸,Coque érodée,capcom-official:mhrise-sunbreak
埋もれた骨骸,Squelette érodé,capcom-official:mhrise-sunbreak
堅牢なねじれた角,Grande corne tordue,capcom-official:mhrise-sunbreak
堅牢な巨骨,G. os résistos,capcom-official:mhrise-sunbreak
堅牢な骨,Os résistos,capcom-official:mhrise-sunbreak
堅竜骨,Os duros,capcom-official:mhrise-sunbreak
堅鎧玉,Sph. arm. dense,capcom-official:mhrise-sunbreak
増強剤,Catalyseur,capcom-official:mhrise-sunbreak
壊れた騎士の鎧,Chevalier brisé,capcom-official:mhrise-sunbreak
大きなヒレ,Grande nageoire,capcom-official:mhrise-sunbreak
大きな硬骨,Os massif,capcom-official:mhrise-sunbreak
大きな骨,Os jumbos,capcom-official:mhrise-sunbreak
大タル,Grand baril,capcom-official:mhrise-sunbreak
大タル爆弾,G. bombe baril,capcom-official:mhrise-sunbreak
大タル爆弾Ｇ,Méga bombe baril,capcom-official:mhrise-sunbreak
大地の結晶,Cristal de terre,capcom-official:mhrise-sunbreak
大水袋,Poche de torrent,capcom-official:mhrise-sunbreak
大氷結化石,Gros foss. giv.,capcom-official:mhrise-sunbreak
大獣玉,Gde gemme bestiale,capcom-official:mhrise-sunbreak
大玉サボテン,Cactus raffiné,capcom-official:mhrise-sunbreak
大王錦魚,Koï suprème,capcom-official:mhrise-sunbreak
大砲弾,Munitions canon,capcom-official:mhrise-sunbreak
大禍封滅の糸,Soie céleste,capcom-official:mhrise-sunbreak
大竜玉,Gde gemme wyverne,capcom-official:mhrise-sunbreak
大翔蟲,Grand Filoptère,capcom-official:mhrise-sunbreak
大雪鬼胆,Bile Goss Harag+,capcom-official:mhrise-sunbreak
大食いマグロ,Thon glouton,capcom-official:mhrise-sunbreak
大食ツボカズラ,Plante gloutonne,capcom-official:mhrise-sunbreak
天を焦がす銀翼,Aile argent brûlante,capcom-official:mhrise-sunbreak
天廻龍の光虹翼,Ailette S. Magala,capcom-official:mhrise-sunbreak
天廻龍の剛浄爪,Purif. S. Magala,capcom-official:mhrise-sunbreak
天廻龍の剛角,Vouge S. Magala,capcom-official:mhrise-sunbreak
天廻龍の厚鱗,Éclat S. Magala,capcom-official:mhrise-sunbreak
天廻龍の天鱗,Mante S. Magala,capcom-official:mhrise-sunbreak
天廻龍の破傀玉,Gemme Shagaru rév,capcom-official:mhrise-sunbreak
天廻龍の重殻,Cortex S. Magala,capcom-official:mhrise-sunbreak
天廻龍の靭尾,Fouet S. Magala,capcom-official:mhrise-sunbreak
天彗龍の剛爪,Serre Valstrax,capcom-official:mhrise-sunbreak
天彗龍の大背尖甲,Ép. dors. Valstrax+,capcom-official:mhrise-sunbreak
天彗龍の尖爪,Griffe Valstrax+,capcom-official:mhrise-sunbreak
天彗龍の尻尾,Queue Valstrax,capcom-official:mhrise-sunbreak
天彗龍の旋尾,Queue-hélice Valstrax,capcom-official:mhrise-sunbreak
天彗龍の背尖甲,Ép. dors. Valst.,capcom-official:mhrise-sunbreak
天彗龍極の破傀玉,Gemme Valstrax rév,capcom-official:mhrise-sunbreak
天狗獣の上腕羽,Plume Bishaten+,capcom-official:mhrise-sunbreak
天狗獣の剛毛,Four. Bishaten+,capcom-official:mhrise-sunbreak
天狗獣の剛爪,Griffe Bishaten,capcom-official:mhrise-sunbreak
天狗獣の堅尾甲,Chevron Bish.+,capcom-official:mhrise-sunbreak
天狗獣の堅頭襟,Corne Bishaten+,capcom-official:mhrise-sunbreak
天狗獣の尖爪,Serre Bishaten+,capcom-official:mhrise-sunbreak
天狗獣の尾甲,Chevron Bish.,capcom-official:mhrise-sunbreak
天狗獣の毛,Four. Bishaten,capcom-official:mhrise-sunbreak
天狗獣の爪,Serre Bishaten,capcom-official:mhrise-sunbreak
天狗獣の腕羽,Plume Bishaten,capcom-official:mhrise-sunbreak
天狗獣の豪剛毛,Fourrure Bishaten,capcom-official:mhrise-sunbreak
天狗獣の豪腕羽,Plumeglisse Bish.,capcom-official:mhrise-sunbreak
天狗獣の重尾甲,Durqueue Bishaten,capcom-official:mhrise-sunbreak
天狗獣の重頭襟,Corne lde Bishaten,capcom-official:mhrise-sunbreak
天狗獣の頭襟,Corne Bishaten,capcom-official:mhrise-sunbreak
天空の龍神玉,Sphère-dragon Ciel,capcom-official:mhrise-sunbreak
天道絵巻物,Rouleau céleste,capcom-official:mhrise-sunbreak
太古の破片,Fragment antique,capcom-official:mhrise-sunbreak
太古龍骨,Gros os dragon ancien,capcom-official:mhrise-sunbreak
奇絶の赫灼殻,Carapace scint.,capcom-official:mhrise-sunbreak
奇絶の赫煌殻,Carapace brillante,capcom-official:mhrise-sunbreak
奈落の龍神玉,Sphère-dragon abyssale,capcom-official:mhrise-sunbreak
奈落の龍鱗,Écaille-dragon abyssale,capcom-official:mhrise-sunbreak
女王のフェロモン,Substance royale,capcom-official:mhrise-sunbreak
妃蜘蛛の剛爪,Serre R.-Kadaki,capcom-official:mhrise-sunbreak
妃蜘蛛の堅殻,Cuirasse R.-Kadaki,capcom-official:mhrise-sunbreak
妃蜘蛛の灯腹,Ventre R.-Kadaki,capcom-official:mhrise-sunbreak
妃蜘蛛の爛灯腹,Ventre R.-Kadaki+,capcom-official:mhrise-sunbreak
妃蜘蛛の絹糸,Soie R.-Kadaki,capcom-official:mhrise-sunbreak
妃蜘蛛の艶絹糸,Soie R.-Kadaki+,capcom-official:mhrise-sunbreak
妃蜘蛛の重殻,Cortex R.-Kadaki,capcom-official:mhrise-sunbreak
妃蜘蛛の重鉤棘,Pointe R.-Kadaki+,capcom-official:mhrise-sunbreak
妃蜘蛛の鉤棘,Pointe R.-Kadaki,capcom-official:mhrise-sunbreak
妃蜘蛛の鋭爪,Griffe ac. R.-Kadaki,capcom-official:mhrise-sunbreak
妖輝石,Awegite,capcom-official:mhrise-sunbreak
守りの爪,Griffe défense,capcom-official:mhrise-sunbreak
守りの護符,Amulette défense,capcom-official:mhrise-sunbreak
宝石の異国製図,Dessins précieux,capcom-official:mhrise-sunbreak
密林キノコ,Champignon Jungle,capcom-official:mhrise-sunbreak
密林ゼンマイ,Fougère bois sauvage,capcom-official:mhrise-sunbreak
小タル,Petit baril,capcom-official:mhrise-sunbreak
小タル爆弾,Bombe baril,capcom-official:mhrise-sunbreak
小玉サボテン,Cactus nain,capcom-official:mhrise-sunbreak
小花咲く植木鉢,Petit pot de fleurs,capcom-official:mhrise-sunbreak
小金魚,Poisson rouge,capcom-official:mhrise-sunbreak
尖竜骨,Os acéros,capcom-official:mhrise-sunbreak
尖鎧玉,Sph. arm. acér.,capcom-official:mhrise-sunbreak
山盛り茸,Champimonts,capcom-official:mhrise-sunbreak
岩竜の剛翼,Égide Basarios,capcom-official:mhrise-sunbreak
岩竜の堅殻,Cuir. Basarios,capcom-official:mhrise-sunbreak
岩竜の堅胸殻,Plexus Basarios+,capcom-official:mhrise-sunbreak
岩竜の天殻,Pallium Basarios,capcom-official:mhrise-sunbreak
岩竜の尻尾,Queue Basarios,capcom-official:mhrise-sunbreak
岩竜の涙,Larme Basarios,capcom-official:mhrise-sunbreak
岩竜の甲殻,Carap. Basarios,capcom-official:mhrise-sunbreak
岩竜の翼,Aile Basarios,capcom-official:mhrise-sunbreak
岩竜の胸殻,Plexus Basarios,capcom-official:mhrise-sunbreak
岩竜の重殻,Cortex Basarios,capcom-official:mhrise-sunbreak
岩竜の重胸殻,Pectus Basarios+,capcom-official:mhrise-sunbreak
岩竜の靭尾,Fouet Basarios,capcom-official:mhrise-sunbreak
嵐気胞塊,Vésicule tempête+,capcom-official:mhrise-sunbreak
嵐龍の凄尾,Queue-temp Amatsu,capcom-official:mhrise-sunbreak
嵐龍の剛爪,Serre Amatsu,capcom-official:mhrise-sunbreak
嵐龍の剛角,Vouge Amatsu,capcom-official:mhrise-sunbreak
嵐龍の厚飛膜,Membrane Amatsu,capcom-official:mhrise-sunbreak
嵐龍の重殻,Cortex Amatsu,capcom-official:mhrise-sunbreak
嵐龍の重胸殻,Scutum Amatsu,capcom-official:mhrise-sunbreak
巨大な竜骨,Os géant,capcom-official:mhrise-sunbreak
幻鳥竜玉,Gemme oiseau mythique,capcom-official:mhrise-sunbreak
幽炎ホオズキ,Baielégante,capcom-official:mhrise-sunbreak
強力麻痺袋,Poche omniplégie,capcom-official:mhrise-sunbreak
強撃ビン,Fiole de force,capcom-official:mhrise-sunbreak
強燃石炭,Charbon explosif,capcom-official:mhrise-sunbreak
強竜骨,Os rigidos,capcom-official:mhrise-sunbreak
強走薬,Potion vitalité,capcom-official:mhrise-sunbreak
強靭な爪,Griffe coriace,capcom-official:mhrise-sunbreak
往古の調度品,Vaisselle antique,capcom-official:mhrise-sunbreak
後退弾,Tir de retraite,capcom-official:mhrise-sunbreak
徹甲榴弾,Tir antiblindage,capcom-official:mhrise-sunbreak
忍耐の種,Graine ténacité,capcom-official:mhrise-sunbreak
応急薬,Premiers soins,capcom-official:mhrise-sunbreak
応急薬グレート,Premiers soins+,capcom-official:mhrise-sunbreak
怨嗟呻く鎧刀殻,Carapépée gém.,capcom-official:mhrise-sunbreak
怨恨纏いし隻兜角,Corne du mal,capcom-official:mhrise-sunbreak
怨虎竜の上鱗,Écaille Magna.+,capcom-official:mhrise-sunbreak
怨虎竜の兜角,Corne Magnamalo,capcom-official:mhrise-sunbreak
怨虎竜の刀殻,Scutelle Magna.,capcom-official:mhrise-sunbreak
怨虎竜の剛兜角,Corne Magnamalo+,capcom-official:mhrise-sunbreak
怨虎竜の厚鱗,Éclat Magnamalo,capcom-official:mhrise-sunbreak
怨虎竜の堅殻,Carapace Magna.+,capcom-official:mhrise-sunbreak
怨虎竜の妖刀殻,Scutelle Magna.+,capcom-official:mhrise-sunbreak
怨虎竜の妖腕刃,Lame Magnamalo+,capcom-official:mhrise-sunbreak
怨虎竜の宿望瞳,Œil de Magnamalo,capcom-official:mhrise-sunbreak
怨虎竜の槍刃尾,Queue Magnamalo,capcom-official:mhrise-sunbreak
怨虎竜の獄兜角,Cor inf. Magnamalo,capcom-official:mhrise-sunbreak
怨虎竜の獄刀殻,Carapépée Magnamalo,capcom-official:mhrise-sunbreak
怨虎竜の甲殻,Carapace Magna.,capcom-official:mhrise-sunbreak
怨虎竜の禍玉,Orbe Magnamalo,capcom-official:mhrise-sunbreak
怨虎竜の紫玉,Orbe Mag. violet,capcom-official:mhrise-sunbreak
怨虎竜の腕刃,Lame Magnamalo,capcom-official:mhrise-sunbreak
怨虎竜の覇腕刃,Lame suze. Magnamalo,capcom-official:mhrise-sunbreak
怨虎竜の豪槍刃尾,Queue Magnamalo+,capcom-official:mhrise-sunbreak
怨虎竜の逆鱗,Plaque Magnamalo,capcom-official:mhrise-sunbreak
怨虎竜の重殻,Cortex Magnamalo,capcom-official:mhrise-sunbreak
怨虎竜の鎧重殻,Cortex armé Magnamalo,capcom-official:mhrise-sunbreak
怨虎竜の閻結晶,Prisme barr. Magna.,capcom-official:mhrise-sunbreak
怨虎竜の霊結晶,Prisme Magnamalo,capcom-official:mhrise-sunbreak
怨虎竜の靭槍刃尾,Queue-lance Magnamalo,capcom-official:mhrise-sunbreak
怨虎竜の魂結晶,Prisme Magnamalo,capcom-official:mhrise-sunbreak
怨虎竜の魂魄結晶,Prisme Magnamalo+,capcom-official:mhrise-sunbreak
怨虎竜の鱗,Écaille Magna.,capcom-official:mhrise-sunbreak
怪しげな牙,Croc suspect,capcom-official:mhrise-sunbreak
怪しげな重牙,Croc lourd mystique,capcom-official:mhrise-sunbreak
怪しげな鋭牙,Croc suspect+,capcom-official:mhrise-sunbreak
怪力の種,Graine de force,capcom-official:mhrise-sunbreak
怪盗の予告状,Carte du voleur,capcom-official:mhrise-sunbreak
悠久燃石炭,Charbon aeonien,capcom-official:mhrise-sunbreak
愛犬のネジパーツ,Boulons de chien,capcom-official:mhrise-sunbreak
感謝チケット,Ticket Anniversaire,capcom-official:mhrise-sunbreak
憤怨迸る業腕刃,Lame patte déferlante,capcom-official:mhrise-sunbreak
投げクナイ,Kunai de lancer,capcom-official:mhrise-sunbreak
捕獲用麻酔弾,Tranquillisant,capcom-official:mhrise-sunbreak
捕獲用麻酔玉,Bombe tranq.,capcom-official:mhrise-sunbreak
接撃ビン,Fiole de combat,capcom-official:mhrise-sunbreak
掻鳥のクチバシ,Bec Kulu-Ya-Ku,capcom-official:mhrise-sunbreak
掻鳥の上皮,Peau Kulu-Ya-Ku+,capcom-official:mhrise-sunbreak
掻鳥の上鱗,Écaille Kulu+,capcom-official:mhrise-sunbreak
掻鳥の厚皮,Peau ép. Kulu-Ya-Ku,capcom-official:mhrise-sunbreak
掻鳥の厚鱗,Éclat Kulu-Ya-Ku,capcom-official:mhrise-sunbreak
掻鳥の大クチバシ,Bec Kulu-Ya-Ku+,capcom-official:mhrise-sunbreak
掻鳥の大飾り羽,Aigrette Kulu+,capcom-official:mhrise-sunbreak
掻鳥の特大飾り羽,Gde aig. Kulu-Ya-Ku,capcom-official:mhrise-sunbreak
掻鳥の皮,Peau Kulu-Ya-Ku,capcom-official:mhrise-sunbreak
掻鳥の飾り羽,Aigrette Kulu,capcom-official:mhrise-sunbreak
掻鳥の鱗,Écaille Kulu,capcom-official:mhrise-sunbreak
携帯食料,Ration,capcom-official:mhrise-sunbreak
撃龍王のコイン,Pièce As chasse,capcom-official:mhrise-sunbreak
支給用こやし玉,Bombe de bouse X,capcom-official:mhrise-sunbreak
支給用シビレ罠,Piège élec. X,capcom-official:mhrise-sunbreak
支給用モドリ玉,Téléportogène X,capcom-official:mhrise-sunbreak
支給用大タル爆弾,G. bombe baril X,capcom-official:mhrise-sunbreak
支給用大粉塵,Poussière vie X,capcom-official:mhrise-sunbreak
支給用携帯食料,Ration X,capcom-official:mhrise-sunbreak
支給用漢方の粉塵,Poudre vég. X,capcom-official:mhrise-sunbreak
支給用生命の粉塵,Poudre de vie X,capcom-official:mhrise-sunbreak
支給用硬化の粉塵,P. de pierre X,capcom-official:mhrise-sunbreak
支給用秘薬,Potion secrète X,capcom-official:mhrise-sunbreak
支給用肉エサ,Appât viande X,capcom-official:mhrise-sunbreak
支給用落とし穴,Piège à fosse X,capcom-official:mhrise-sunbreak
支給用閃光玉,Bombe flash X,capcom-official:mhrise-sunbreak
支給用音爆弾,Bombe sonique X,capcom-official:mhrise-sunbreak
支給用鬼人の粉塵,Poudre démon X,capcom-official:mhrise-sunbreak
支給用麻酔玉,Bombe tranq. X,capcom-official:mhrise-sunbreak
斬裂弾,Tranchant,capcom-official:mhrise-sunbreak
明王原珠,Joyau souveraine,capcom-official:mhrise-sunbreak
昏睡袋,Poche de coma,capcom-official:mhrise-sunbreak
星戻の稀花,Joyau Étoile déchue,capcom-official:mhrise-sunbreak
星見の花,Lys oriental,capcom-official:mhrise-sunbreak
星見の麗花,Fleur orientale,capcom-official:mhrise-sunbreak
春夜鯉,Carpe de print.,capcom-official:mhrise-sunbreak
暖かい毛皮,Pelage chaud,capcom-official:mhrise-sunbreak
最強燃石炭,Charbon inflam.,capcom-official:mhrise-sunbreak
月迅竜の厚鱗,Éclat Narga sélén,capcom-official:mhrise-sunbreak
月迅竜の豪斑毛,Taches Narga sélénite,capcom-official:mhrise-sunbreak
月迅竜の透刃翼,Rasoir Narga sélénite,capcom-official:mhrise-sunbreak
月迅竜の重尾棘,Poinqueue Narga sélén,capcom-official:mhrise-sunbreak
月迅竜の重牙,Croc lourd Narga sélén,capcom-official:mhrise-sunbreak
朧月の欠片,Éclat de lune voilé,capcom-official:mhrise-sunbreak
未熟な海綿質,Éponge immature,capcom-official:mhrise-sunbreak
柔軟な厚皮,Cuir souple,capcom-official:mhrise-sunbreak
棘竜の剛角,Vouge Espinas,capcom-official:mhrise-sunbreak
棘竜の厚鱗,Éclat Espinas,capcom-official:mhrise-sunbreak
棘竜の天鱗,Mante Espinas,capcom-official:mhrise-sunbreak
棘竜の濃毒血,Sang toxique Espinas,capcom-official:mhrise-sunbreak
棘竜の秘棘,Aiguille Espinas,capcom-official:mhrise-sunbreak
棘竜の重殻,Cortex Espinas,capcom-official:mhrise-sunbreak
棘竜の靭尾,Fouet Espinas,capcom-official:mhrise-sunbreak
棘茶竜の剛角,Vouge Espinas de feu,capcom-official:mhrise-sunbreak
棘茶竜の厚鱗,Éclat Espinas de feu,capcom-official:mhrise-sunbreak
棘茶竜の天鱗,Mante Espinas de feu,capcom-official:mhrise-sunbreak
棘茶竜の濃重酸,Soufre Espinas de feu,capcom-official:mhrise-sunbreak
棘茶竜の秘棘,Aiguille Espinas de feu,capcom-official:mhrise-sunbreak
棘茶竜の重殻,Cortex Espinas de feu,capcom-official:mhrise-sunbreak
棘茶竜の靭尾,Fouet Espinas de feu,capcom-official:mhrise-sunbreak
業炎袋,Poche explosive,capcom-official:mhrise-sunbreak
極上の毛皮,Pelage exceptionnel,capcom-official:mhrise-sunbreak
極上の腹袋,Estomac prisé,capcom-official:mhrise-sunbreak
極上ザザミソ,Cerveau Carapaceon+,capcom-official:mhrise-sunbreak
極上ゼンマイ,Fougère prisée,capcom-official:mhrise-sunbreak
極上ベルナス,Aubergine Bherna +,capcom-official:mhrise-sunbreak
極上ヤド真珠,Perle de crabe+,capcom-official:mhrise-sunbreak
極上黒真珠,Perle noire parfaite,capcom-official:mhrise-sunbreak
極寒ヒヤボックリ,Glaçône arctique,capcom-official:mhrise-sunbreak
欠けた龍骨,Fragm. de dragon,capcom-official:mhrise-sunbreak
殺意の波動,Satsui no Hado,capcom-official:mhrise-sunbreak
毒けむり玉,Bombe de poison,capcom-official:mhrise-sunbreak
毒クモリ,Kumori toxique,capcom-official:mhrise-sunbreak
毒テングダケ,Champi vénéneux,capcom-official:mhrise-sunbreak
毒ビン,Fiole de poison,capcom-official:mhrise-sunbreak
毒妖鳥の上鱗,Écaille Pukei+,capcom-official:mhrise-sunbreak
毒妖鳥の剛翼,Égide Pukei-Pukei,capcom-official:mhrise-sunbreak
毒妖鳥の厚鱗,Éclat Pukei-Pukei,capcom-official:mhrise-sunbreak
毒妖鳥の喉袋,Poche Pukei,capcom-official:mhrise-sunbreak
毒妖鳥の堅殻,Cuirasse Pukei,capcom-official:mhrise-sunbreak
毒妖鳥の大喉袋,Poche Pukei+,capcom-official:mhrise-sunbreak
毒妖鳥の尻尾,Queue Pukei,capcom-official:mhrise-sunbreak
毒妖鳥の特大喉袋,Gde poche Pukei-Pukei,capcom-official:mhrise-sunbreak
毒妖鳥の甲殻,Carapace Pukei,capcom-official:mhrise-sunbreak
毒妖鳥の羽根,Plume Pukei,capcom-official:mhrise-sunbreak
毒妖鳥の翼,Aile Pukei-Pukei,capcom-official:mhrise-sunbreak
毒妖鳥の重殻,Cortex Pukei-Pukei,capcom-official:mhrise-sunbreak
毒妖鳥の靭尾,Fouet Pukei-Pukei,capcom-official:mhrise-sunbreak
毒妖鳥の鱗,Écaille Pukei,capcom-official:mhrise-sunbreak
毒投げクナイ,Kunai poison,capcom-official:mhrise-sunbreak
毒狗竜の上皮,Peau G. Wroggi+,capcom-official:mhrise-sunbreak
毒狗竜の厚皮,Peau ép. Gd Wroggi,capcom-official:mhrise-sunbreak
毒狗竜の堅腕甲,Avt-br G. Wr.+,capcom-official:mhrise-sunbreak
毒狗竜の皮,Peau G. Wroggi,capcom-official:mhrise-sunbreak
毒狗竜の腕甲,Avt-br G. Wroggi,capcom-official:mhrise-sunbreak
毒生肉,Viande poison,capcom-official:mhrise-sunbreak
毒袋,Poche de poison,capcom-official:mhrise-sunbreak
水光原珠,Joy. reflet aqua,capcom-official:mhrise-sunbreak
水冷タル爆弾,B. baril Eau,capcom-official:mhrise-sunbreak
水冷弾,Aquatique,capcom-official:mhrise-sunbreak
水獣のトサカ,Crête Ludr. r.,capcom-official:mhrise-sunbreak
水獣の上鱗,Éc. Ludr. royal+,capcom-official:mhrise-sunbreak
水獣の剛爪,Serre Ludroth royal,capcom-official:mhrise-sunbreak
水獣の厚鱗,Éclat Ludroth royal,capcom-official:mhrise-sunbreak
水獣の尻尾,Queue Ludr. r.,capcom-official:mhrise-sunbreak
水獣の爪,Griffe Ludroth royal,capcom-official:mhrise-sunbreak
水獣の鋭爪,Griffe Ludr. r.+,capcom-official:mhrise-sunbreak
水獣の靭尾,Fouet Ludroth royal,capcom-official:mhrise-sunbreak
水獣の鱗,Éc. Ludr. royal,capcom-official:mhrise-sunbreak
水生獣の上皮,Peau aquatique+,capcom-official:mhrise-sunbreak
水生獣の厚皮,Cuir aquatique,capcom-official:mhrise-sunbreak
水生獣の皮,Peau aquatique,capcom-official:mhrise-sunbreak
水袋,Poche d'eau,capcom-official:mhrise-sunbreak
水辺の異国製図,Dessins côtiers,capcom-official:mhrise-sunbreak
氷人魚竜の凍殻,Cortex Auroracanth,capcom-official:mhrise-sunbreak
氷人魚竜の凍爪,Griffe Auroracanth,capcom-official:mhrise-sunbreak
氷人魚竜の凍鱗,Écaille Auroracanth,capcom-official:mhrise-sunbreak
氷人魚竜の髪ヒレ,Nageoire Auroracanth,capcom-official:mhrise-sunbreak
氷晶の厚龍鱗,Éclat de cristal,capcom-official:mhrise-sunbreak
氷瀑の彩水晶,Prisme blizzard,capcom-official:mhrise-sunbreak
氷牙竜の上毛皮,Pelage Barioth+,capcom-official:mhrise-sunbreak
氷牙竜の剛爪,Serre Barioth,capcom-official:mhrise-sunbreak
氷牙竜の厚毛皮,Fourrure Barioth,capcom-official:mhrise-sunbreak
氷牙竜の堅殻,Carapace Barioth,capcom-official:mhrise-sunbreak
氷牙竜の尻尾,Queue Barioth,capcom-official:mhrise-sunbreak
氷牙竜の棘,Pointe Barioth,capcom-official:mhrise-sunbreak
氷牙竜の毛皮,Pelage Barioth,capcom-official:mhrise-sunbreak
氷牙竜の爪,Griffe Barioth,capcom-official:mhrise-sunbreak
氷牙竜の甲殻,Cuirasse Barioth,capcom-official:mhrise-sunbreak
氷牙竜の重棘,Gde pointe Barioth,capcom-official:mhrise-sunbreak
氷牙竜の重殻,Cortex Barioth,capcom-official:mhrise-sunbreak
氷牙竜の鋭爪,Griffe Barioth+,capcom-official:mhrise-sunbreak
氷牙竜の靭尾,Fouet Barioth,capcom-official:mhrise-sunbreak
氷狼竜の剛朱爪,Serre Lunagaron,capcom-official:mhrise-sunbreak
氷狼竜の厚鱗,Éclat Lunagaron,capcom-official:mhrise-sunbreak
氷狼竜の秘氷玉,Joyau gel Lunagaron,capcom-official:mhrise-sunbreak
氷狼竜の重殻,Cortex Lunagaron,capcom-official:mhrise-sunbreak
氷狼竜の雹蒼核,Noyau Lunagaron,capcom-official:mhrise-sunbreak
氷狼竜の靭尾殻,Cuirasse Lunagaron,capcom-official:mhrise-sunbreak
氷結タル爆弾,B. baril Glace,capcom-official:mhrise-sunbreak
氷結化石,Fossile givré,capcom-official:mhrise-sunbreak
氷結弾,Cryogénique,capcom-official:mhrise-sunbreak
氷結袋,Poche de givre,capcom-official:mhrise-sunbreak
河童蛙の上皮,Peau Tetranadon+,capcom-official:mhrise-sunbreak
河童蛙の剛嘴,Gd bec Tetranadon,capcom-official:mhrise-sunbreak
河童蛙の厚皮,Peau ép. Tetranadon,capcom-official:mhrise-sunbreak
河童蛙の嘴,Bec Tetranadon,capcom-official:mhrise-sunbreak
河童蛙の大嘴,Bec Tetranadon+,capcom-official:mhrise-sunbreak
河童蛙の大皿,Disque Tetra.+,capcom-official:mhrise-sunbreak
河童蛙の特上皿,Disque fin Tetra.,capcom-official:mhrise-sunbreak
河童蛙の皮,Peau Tetranadon,capcom-official:mhrise-sunbreak
河童蛙の皿,Disque Tetra.,capcom-official:mhrise-sunbreak
河童蛙の苔堅甲,Cuirasse Tetra.+,capcom-official:mhrise-sunbreak
河童蛙の苔背甲,Cuirasse Tetra.,capcom-official:mhrise-sunbreak
河童蛙の苔重甲,Gde cuirasse Tetra.,capcom-official:mhrise-sunbreak
泡狐竜の上錦ヒレ,Nageoire Mizu.+,capcom-official:mhrise-sunbreak
泡狐竜の上鱗,Écaille Mizu.+,capcom-official:mhrise-sunbreak
泡狐竜の剛爪,Serre Mizutsune,capcom-official:mhrise-sunbreak
泡狐竜の厚鱗,Éclat Mizutsune,capcom-official:mhrise-sunbreak
泡狐竜の天鱗,Mante Mizutsune,capcom-official:mhrise-sunbreak
泡狐竜の尖爪,Griffe Mizu.+,capcom-official:mhrise-sunbreak
泡狐竜の尻尾,Queue Mizu.,capcom-official:mhrise-sunbreak
泡狐竜の水玉,Orbe eau Mizu.,capcom-official:mhrise-sunbreak
泡狐竜の爪,Griffe Mizutsune,capcom-official:mhrise-sunbreak
泡狐竜の特錦ヒレ,Nageoire douce Mizu,capcom-official:mhrise-sunbreak
泡狐竜の紫上毛,Fourr. m. Mizu.+,capcom-official:mhrise-sunbreak
泡狐竜の紫剛毛,Toison mauve Mizu,capcom-official:mhrise-sunbreak
泡狐竜の紫毛,Fourr. m. Mizu.,capcom-official:mhrise-sunbreak
泡狐竜の紫靭尾,Queue mauve Mizu,capcom-official:mhrise-sunbreak
泡狐竜の逆鱗,Plaque Mizutsune,capcom-official:mhrise-sunbreak
泡狐竜の錦ヒレ,Nageoire Mizu.,capcom-official:mhrise-sunbreak
泡狐竜の鱗,Écaille Mizu.,capcom-official:mhrise-sunbreak
泡立つ上滑液,Mousse à bulles+,capcom-official:mhrise-sunbreak
泡立つ滑液,Mousse à bulles,capcom-official:mhrise-sunbreak
泡立つ濃滑液,Mousse à b. distillée,capcom-official:mhrise-sunbreak
泥翁竜の上鱗,Éc. Almudron+,capcom-official:mhrise-sunbreak
泥翁竜の仙人髭,Moustache asc. Almu.,capcom-official:mhrise-sunbreak
泥翁竜の剛毛ヒレ,Nageoire Almu.+,capcom-official:mhrise-sunbreak
泥翁竜の剛爪,Serre Almudron,capcom-official:mhrise-sunbreak
泥翁竜の厚鱗,Éclat Almudron,capcom-official:mhrise-sunbreak
泥翁竜の堅殻,Carap. Almudron+,capcom-official:mhrise-sunbreak
泥翁竜の天鱗,Mante Almudron,capcom-official:mhrise-sunbreak
泥翁竜の尖爪,Griffe Almudron+,capcom-official:mhrise-sunbreak
泥翁竜の尻尾,Queue Almudron,capcom-official:mhrise-sunbreak
泥翁竜の毛ヒレ,Nageoire Almu.,capcom-official:mhrise-sunbreak
泥翁竜の爪,Griffe Almudron,capcom-official:mhrise-sunbreak
泥翁竜の甲殻,Carap. Almudron,capcom-official:mhrise-sunbreak
泥翁竜の豪毛ヒレ,Gde nageoire Almu.,capcom-official:mhrise-sunbreak
泥翁竜の逆鱗,Plaque Almudron,capcom-official:mhrise-sunbreak
泥翁竜の重殻,Cortex Almudron,capcom-official:mhrise-sunbreak
泥翁竜の長髭,Moustache Almu.+,capcom-official:mhrise-sunbreak
泥翁竜の鞭尾,Fouet Almudron,capcom-official:mhrise-sunbreak
泥翁竜の髭,Moustache Almu.,capcom-official:mhrise-sunbreak
泥翁竜の鱗,Écaille Almudron,capcom-official:mhrise-sunbreak
泥翁竜の黄玉,Orbe Almu. doré,capcom-official:mhrise-sunbreak
泥魚竜の上ヒレ,Nageoire Jyura+,capcom-official:mhrise-sunbreak
泥魚竜の上鱗,Écaille Jyura.+,capcom-official:mhrise-sunbreak
泥魚竜の厚鱗,Éclat Jyuratodus,capcom-official:mhrise-sunbreak
泥魚竜の堅殻,Cuirasse Jyura.,capcom-official:mhrise-sunbreak
泥魚竜の特上ヒレ,Nag. fine Jyuratodus,capcom-official:mhrise-sunbreak
泥魚竜の重殻,Cortex Jyuratodus,capcom-official:mhrise-sunbreak
泥魚竜の重牙,Croc lourd Jyuratodus,capcom-official:mhrise-sunbreak
泥魚竜の鋭牙,Croc Jyuratodus+,capcom-official:mhrise-sunbreak
活力剤,Immunisateur,capcom-official:mhrise-sunbreak
流水草,Ondulite,capcom-official:mhrise-sunbreak
海綿質の上皮,Peau-éponge+,capcom-official:mhrise-sunbreak
海綿質の厚皮,Cuir-éponge,capcom-official:mhrise-sunbreak
海綿質の皮,Peau-éponge,capcom-official:mhrise-sunbreak
消尽の噛生虫,Parasite consom.,capcom-official:mhrise-sunbreak
消散剤,Nettoyant,capcom-official:mhrise-sunbreak
消臭玉,Déodorant,capcom-official:mhrise-sunbreak
淵源の剛嵐角,Corne origine+,capcom-official:mhrise-sunbreak
淵源の厚嵐鱗,Écaille origine+,capcom-official:mhrise-sunbreak
淵源の天鱗,Mante origine,capcom-official:mhrise-sunbreak
淵源の嵐玉,Orbe d'origine,capcom-official:mhrise-sunbreak
淵源の嵐角,Corne d'origine,capcom-official:mhrise-sunbreak
淵源の嵐鱗,Écaille origine,capcom-official:mhrise-sunbreak
減気ビン,F. de faiblesse,capcom-official:mhrise-sunbreak
渾沌の竜鱗,Écaille du chaos,capcom-official:mhrise-sunbreak
溜め貫通弾,Perforant C.,capcom-official:mhrise-sunbreak
溜め電撃弾,Foudre C.,capcom-official:mhrise-sunbreak
溶岩獣の上鱗,Écaille Uroktor+,capcom-official:mhrise-sunbreak
溶岩獣の厚鱗,Éclat Uroktor,capcom-official:mhrise-sunbreak
溶岩獣の鱗,Écaille Uroktor,capcom-official:mhrise-sunbreak
溶翁竜の剛爪,Serre Magmadron,capcom-official:mhrise-sunbreak
溶翁竜の剛靭髭,Moust. dure Magmadron,capcom-official:mhrise-sunbreak
溶翁竜の厚鱗,Éclat Magmadron,capcom-official:mhrise-sunbreak
溶翁竜の天鱗,Mante Magmadron,capcom-official:mhrise-sunbreak
溶翁竜の豪毛ヒレ,Gde nageoire Magmadron,capcom-official:mhrise-sunbreak
溶翁竜の重殻,Cortex Magmadron,capcom-official:mhrise-sunbreak
溶翁竜の鞭尾,Queue Magmadron,capcom-official:mhrise-sunbreak
滅龍弾,Dragon,capcom-official:mhrise-sunbreak
漆黒の水晶,Cristal louche,capcom-official:mhrise-sunbreak
漢方の粉塵,Poudre végétale,capcom-official:mhrise-sunbreak
漢方薬,Remède d'herbe,capcom-official:mhrise-sunbreak
潜水チケット,Ticket plongée,capcom-official:mhrise-sunbreak
潤った彩水晶,Prisme coloré,capcom-official:mhrise-sunbreak
激昂コイン,Pièce Rajang orage,capcom-official:mhrise-sunbreak
激闘王のコイン,Pièce affligée,capcom-official:mhrise-sunbreak
濃厚マカ油,Miel de fusion,capcom-official:mhrise-sunbreak
濃縮麻痺袋,Poche d'ultraplégie,capcom-official:mhrise-sunbreak
瀑布の彩水晶,Prisme cascade,capcom-official:mhrise-sunbreak
火炎タル爆弾,Bombe baril Feu,capcom-official:mhrise-sunbreak
火炎弾,Incendiaire,capcom-official:mhrise-sunbreak
火炎弾　セット,Tir enflammé,capcom-official:mhrise-sunbreak
火炎熱線　セット,Rayon enflammé,capcom-official:mhrise-sunbreak
火炎袋,Poche de flamme,capcom-official:mhrise-sunbreak
火玉ホオズキ,Baietincelle,capcom-official:mhrise-sunbreak
火竜の上鱗,Éc. Rathalos+,capcom-official:mhrise-sunbreak
火竜の剛翼,Égide Rathalos,capcom-official:mhrise-sunbreak
火竜の剛翼爪,Serre acér. Rath,capcom-official:mhrise-sunbreak
火竜の厚鱗,Éclat Rathalos,capcom-official:mhrise-sunbreak
火竜の堅殻,Cuirasse Ratha.,capcom-official:mhrise-sunbreak
火竜の天鱗,Mante Rathalos,capcom-official:mhrise-sunbreak
火竜の尻尾,Queue Rathalos,capcom-official:mhrise-sunbreak
火竜の延髄,Medulla Rath,capcom-official:mhrise-sunbreak
火竜の煌液,Lueur Rath,capcom-official:mhrise-sunbreak
火竜の甲殻,Carap. Rathalos,capcom-official:mhrise-sunbreak
火竜の紅玉,Rubis Rathalos,capcom-official:mhrise-sunbreak
火竜の翼,Aile Rathalos,capcom-official:mhrise-sunbreak
火竜の翼爪,Serre Rath,capcom-official:mhrise-sunbreak
火竜の翼膜,Palmure Rathalos,capcom-official:mhrise-sunbreak
火竜の逆鱗,Plaque Rathalos,capcom-official:mhrise-sunbreak
火竜の重殻,Cortex Rathalos,capcom-official:mhrise-sunbreak
火竜の鋭翼爪,Serre Rath+,capcom-official:mhrise-sunbreak
火竜の靭尾,Fouet Rathalos,capcom-official:mhrise-sunbreak
火竜の骨髄,Moelle Rath,capcom-official:mhrise-sunbreak
火竜の鱗,Écaille Rathalos,capcom-official:mhrise-sunbreak
火薬草,Herbe de feu,capcom-official:mhrise-sunbreak
灰色の種,Graine grise,capcom-official:mhrise-sunbreak
灼熱イチゴ,Baie du désert,capcom-official:mhrise-sunbreak
炎熱の溶岩泥土,Boue de lave infernale,capcom-official:mhrise-sunbreak
炎王龍のたてがみ,Crinière Teostra,capcom-official:mhrise-sunbreak
炎王龍の剛角,Vouge Teostra,capcom-official:mhrise-sunbreak
炎王龍の堅殻,Cuirasse Teostra,capcom-official:mhrise-sunbreak
炎王龍の尖角,Corne Teostra+,capcom-official:mhrise-sunbreak
炎王龍の尻尾,Queue Teostra,capcom-official:mhrise-sunbreak
炎王龍の破傀玉,Gemme Teostra rév,capcom-official:mhrise-sunbreak
炎王龍の重殻,Cortex Teostra,capcom-official:mhrise-sunbreak
炎王龍の靭尾,Fouet Teostra,capcom-official:mhrise-sunbreak
炎龍の剛爪,Serre Teostra,capcom-official:mhrise-sunbreak
炎龍の剛翼,Égide Teostra,capcom-official:mhrise-sunbreak
炎龍の塵粉,Poudre Teostra,capcom-official:mhrise-sunbreak
炎龍の宝玉,Joyau Teostra,capcom-official:mhrise-sunbreak
炎龍の尖爪,Griffe Teostra+,capcom-official:mhrise-sunbreak
炎龍の翼,Palmure Teostra,capcom-official:mhrise-sunbreak
烈火イチゴ,Baie de feu,capcom-official:mhrise-sunbreak
焔狐竜の剛爪,Serre Mizu mauve,capcom-official:mhrise-sunbreak
焔狐竜の厚鱗,Éclat Mizu mauve,capcom-official:mhrise-sunbreak
焔狐竜の天鱗,Mante Mizu mauve,capcom-official:mhrise-sunbreak
焔狐竜の特錦ヒレ,Nageoire Mizu mauve,capcom-official:mhrise-sunbreak
焔狐竜の白剛毛,Fourr. Mizu mauve,capcom-official:mhrise-sunbreak
焔狐竜の白靭尾,Queue Mizu mauve,capcom-official:mhrise-sunbreak
焦熱イチゴ,Baie de lave,capcom-official:mhrise-sunbreak
煉獄滾る赫耀液,Liq. pourp. bouillant,capcom-official:mhrise-sunbreak
煌めきチケット,Ticket Hiver,capcom-official:mhrise-sunbreak
煮えたぎる赫耀液,Liquide pourpre,capcom-official:mhrise-sunbreak
熟成キノコ,Champi. unique,capcom-official:mhrise-sunbreak
熱帯イチゴ,Baie tropicale,capcom-official:mhrise-sunbreak
熾妃蜘蛛の剛爪,Serre Kadaki de feu,capcom-official:mhrise-sunbreak
熾妃蜘蛛の眩灯腹,Ventre Kadaki de feu,capcom-official:mhrise-sunbreak
熾妃蜘蛛の艶絹糸,Soie Kadaki de feu+,capcom-official:mhrise-sunbreak
熾妃蜘蛛の重殻,Cortex Kadaki de feu,capcom-official:mhrise-sunbreak
熾妃蜘蛛の重鉤棘,Pointe Kadaki de feu+,capcom-official:mhrise-sunbreak
燃石炭,Charbon,capcom-official:mhrise-sunbreak
爆炎袋,Poche infernale,capcom-official:mhrise-sunbreak
爆破ビン,Fiole explosive,capcom-official:mhrise-sunbreak
爆破投げクナイ,Kunai explosif,capcom-official:mhrise-sunbreak
爆薬,Poudre à canon,capcom-official:mhrise-sunbreak
爆鱗竜の上鱗,Écaille Bazel.+,capcom-official:mhrise-sunbreak
爆鱗竜の剛爪,Griffe Bazelgeuse,capcom-official:mhrise-sunbreak
爆鱗竜の剛翼,Égide Bazelgeuse,capcom-official:mhrise-sunbreak
爆鱗竜の厚鱗,Éclat Bazelgeuse,capcom-official:mhrise-sunbreak
爆鱗竜の堅殻,Cuirasse Bazel.,capcom-official:mhrise-sunbreak
爆鱗竜の天鱗,Mante Bazelgeuse,capcom-official:mhrise-sunbreak
爆鱗竜の宝玉,Gemme Bazelgeuse,capcom-official:mhrise-sunbreak
爆鱗竜の尖爪,Serre Bazelgeuse,capcom-official:mhrise-sunbreak
爆鱗竜の尻尾,Queue Bazel,capcom-official:mhrise-sunbreak
爆鱗竜の爆腺,Mèche Bazelgeuse,capcom-official:mhrise-sunbreak
爆鱗竜の爆腺束,Glande Bazelgeuse,capcom-official:mhrise-sunbreak
爆鱗竜の翼,Aile Bazelgeuse,capcom-official:mhrise-sunbreak
爆鱗竜の重尾,Fléau Bazelgeuse,capcom-official:mhrise-sunbreak
爆鱗竜の重殻,Cortex Bazelgeuse,capcom-official:mhrise-sunbreak
爵銀龍の三又尾,Queue Malzeno,capcom-official:mhrise-sunbreak
爵銀龍の剛翼,Égide Malzeno,capcom-official:mhrise-sunbreak
爵銀龍の剛角,Vouge Malzeno,capcom-official:mhrise-sunbreak
爵銀龍の厚鱗,Éclat Malzeno,capcom-official:mhrise-sunbreak
爵銀龍の無垢殻,Cuirasse Malzeno,capcom-official:mhrise-sunbreak
爵銀龍の紅血玉,Sanguine Malzeno,capcom-official:mhrise-sunbreak
爵銀龍の重殻,Cortex Malzeno,capcom-official:mhrise-sunbreak
爵銀龍の重牙,Croc lourd Malzeno,capcom-official:mhrise-sunbreak
爵銀龍の銀角,Corne Malzeno,capcom-official:mhrise-sunbreak
爵銀龍の麗牙,Beaucroc Malzeno,capcom-official:mhrise-sunbreak
牙獣のナミダ,Larme de bête,capcom-official:mhrise-sunbreak
牙獣の大粒ナミダ,G. larme bête,capcom-official:mhrise-sunbreak
牢固な重骨,Os ferme,capcom-official:mhrise-sunbreak
特大水袋,Poche de déluge,capcom-official:mhrise-sunbreak
特大氷結化石,Foss. giv. géant,capcom-official:mhrise-sunbreak
特撰アルビノ,Steak Khezu,capcom-official:mhrise-sunbreak
特撰キノコ,Champignons prisés,capcom-official:mhrise-sunbreak
特濃マカ油,Gâteau de fusion,capcom-official:mhrise-sunbreak
特濃体肥液,Jus épais Golm,capcom-official:mhrise-sunbreak
特産キノコ,Champignon spéc.,capcom-official:mhrise-sunbreak
特産タケノコ,Super bambou,capcom-official:mhrise-sunbreak
狂淵の噛生虫,Parasite dément,capcom-official:mhrise-sunbreak
狂走エキス,Extrait vitalité,capcom-official:mhrise-sunbreak
狐火ホオズキ,Aubaiene,capcom-official:mhrise-sunbreak
狩友チケット,Coupon amitié,capcom-official:mhrise-sunbreak
狩猟王のコイン,Pièce Roi chasse,capcom-official:mhrise-sunbreak
狸獣の引火液,Briquet Bombadgy,capcom-official:mhrise-sunbreak
狸獣の発火液,Activateur Bombadgy,capcom-official:mhrise-sunbreak
猛毒袋,Poche de toxine,capcom-official:mhrise-sunbreak
獄炎の厚龍鱗,Éclat infernal,capcom-official:mhrise-sunbreak
獄炎の龍鱗,Écaille Teostra+,capcom-official:mhrise-sunbreak
獄炎ホオズキ,Confragralanterne,capcom-official:mhrise-sunbreak
獄炎石,Pierre de lave,capcom-official:mhrise-sunbreak
獣玉,Gemme bestiale,capcom-official:mhrise-sunbreak
玉髄化した竜大骨,G. os de calcéd.,capcom-official:mhrise-sunbreak
玉髄化した竜頭骨,Crâne de calcéd.,capcom-official:mhrise-sunbreak
玉髄化した竜骨塊,Masse osseuse calc.,capcom-official:mhrise-sunbreak
玉髄化した竜骨片,Os de calcédoine,capcom-official:mhrise-sunbreak
王国騎士団の証Ⅰ,Certificat Royal I,capcom-official:mhrise-sunbreak
王国騎士団の証Ⅱ,Certificat Royal II,capcom-official:mhrise-sunbreak
王国騎士団の証Ⅲ,Certificat Royal III,capcom-official:mhrise-sunbreak
王家の金貨,Pièce roy. parf.,capcom-official:mhrise-sunbreak
王様サボテン,Cactus royal,capcom-official:mhrise-sunbreak
王者のクチバシ,Bec du roi,capcom-official:mhrise-sunbreak
王者のトサカ,Crête royale,capcom-official:mhrise-sunbreak
王道の異国製図,Dessins nobles,capcom-official:mhrise-sunbreak
王錦魚,Roi-koï,capcom-official:mhrise-sunbreak
王鎧玉,Sphère d'armure royale,capcom-official:mhrise-sunbreak
琥珀色の牙,Croc d'ambre,capcom-official:mhrise-sunbreak
琥珀色の重牙,Croc lourd d'ambre,capcom-official:mhrise-sunbreak
琥珀色の鋭牙,Croc d'ambre+,capcom-official:mhrise-sunbreak
瑠璃原珠,Joyau Lazurite,capcom-official:mhrise-sunbreak
生命の大粉塵,Poussière de vie,capcom-official:mhrise-sunbreak
生命の粉塵,Poudre de vie,capcom-official:mhrise-sunbreak
生焼け肉,Steak saignant,capcom-official:mhrise-sunbreak
生肉,Viande crue,capcom-official:mhrise-sunbreak
甲虫の大顎,Mâchoire Altar.,capcom-official:mhrise-sunbreak
甲虫の腹袋,Estomac Altaroth,capcom-official:mhrise-sunbreak
異国の金貨,Pièce étrangère,capcom-official:mhrise-sunbreak
白き大神の絵,Des. déesse du soleil,capcom-official:mhrise-sunbreak
白兎獣の凍爪,Griffe gel. Lag.,capcom-official:mhrise-sunbreak
白兎獣の剛凍爪,Grif. givrée Lagombi,capcom-official:mhrise-sunbreak
白兎獣の剛毛,Peau Lagombi+,capcom-official:mhrise-sunbreak
白兎獣の地獄耳,Auricule Lagombi,capcom-official:mhrise-sunbreak
白兎獣の堅腹甲,Plastron Lago.+,capcom-official:mhrise-sunbreak
白兎獣の大耳,Oreille Lagombi+,capcom-official:mhrise-sunbreak
白兎獣の毛,Peau Lagombi,capcom-official:mhrise-sunbreak
白兎獣の氷爪,Griffe gl. Lag.,capcom-official:mhrise-sunbreak
白兎獣の耳,Oreille Lagombi,capcom-official:mhrise-sunbreak
白兎獣の腹甲,Plastron Lagombi,capcom-official:mhrise-sunbreak
白兎獣の豪剛毛,Fourrure Lagombi,capcom-official:mhrise-sunbreak
白兎獣の重腹甲,Cuirasse Lagombi,capcom-official:mhrise-sunbreak
白妙の滑液,Synovie blanche,capcom-official:mhrise-sunbreak
白金魚,Poisson platine,capcom-official:mhrise-sunbreak
百竜撃退の証・一,Ticket Défens. 1,capcom-official:mhrise-sunbreak
百竜撃退の証・七,Ticket Défens. 7,capcom-official:mhrise-sunbreak
百竜撃退の証・三,Ticket Défens. 3,capcom-official:mhrise-sunbreak
百竜撃退の証・九,Ticket défens. 9,capcom-official:mhrise-sunbreak
百竜撃退の証・二,Ticket Défens. 2,capcom-official:mhrise-sunbreak
百竜撃退の証・五,Ticket Défens. 5,capcom-official:mhrise-sunbreak
百竜撃退の証・八,Ticket Défens. 8,capcom-official:mhrise-sunbreak
百竜撃退の証・六,Ticket Défens. 6,capcom-official:mhrise-sunbreak
百竜撃退の証・四,Ticket Défens. 4,capcom-official:mhrise-sunbreak
皇帝サボテン,Cactus empereur,capcom-official:mhrise-sunbreak
相克の変異角,Corne diamétriqu,capcom-official:mhrise-sunbreak
盾蟹の剛爪,Serre Hermitaur,capcom-official:mhrise-sunbreak
盾蟹の極小殻,Mini carap. Hermitaur,capcom-official:mhrise-sunbreak
盾蟹の重殻,Cortex Hermitaur,capcom-official:mhrise-sunbreak
真珠色の柔皮,Peau de perle,capcom-official:mhrise-sunbreak
真珠色の艶皮,Cuir de perle,capcom-official:mhrise-sunbreak
真紅蓮石,Pierre ardente,capcom-official:mhrise-sunbreak
真鎧玉,Sphère d'armure pure,capcom-official:mhrise-sunbreak
眠り投げクナイ,Kunai somn.,capcom-official:mhrise-sunbreak
眠り生肉,Viande somnifère,capcom-official:mhrise-sunbreak
眠狗竜の上皮,Peau G. Baggi+,capcom-official:mhrise-sunbreak
眠狗竜の厚皮,Peau ép. Gd Baggi,capcom-official:mhrise-sunbreak
眠狗竜の尖爪,Griffe G. Baggi+,capcom-official:mhrise-sunbreak
眠狗竜の爪,Griffe G. Baggi,capcom-official:mhrise-sunbreak
眠狗竜の皮,Peau Grand Baggi,capcom-official:mhrise-sunbreak
睡眠ビン,Fiole de sommeil,capcom-official:mhrise-sunbreak
睡眠袋,Poche somnifère,capcom-official:mhrise-sunbreak
瞬間凍結袋,Poche cryogène,capcom-official:mhrise-sunbreak
知識の結晶,Cristal sagesse,capcom-official:mhrise-sunbreak
砥石,Aiguisoir,capcom-official:mhrise-sunbreak
破傀の堅龍骨,Corne du sceau aff.+,capcom-official:mhrise-sunbreak
破傀の浄龍血,Sang pur dragon éveillé,capcom-official:mhrise-sunbreak
破傀の濃龍血,Sang épais dragon éveillé,capcom-official:mhrise-sunbreak
破傀の重龍骨,Os robustos éveillé,capcom-official:mhrise-sunbreak
破傀の龍血,Sang dragon éveillé,capcom-official:mhrise-sunbreak
破傀の龍骨,Corne du sceau aff.,capcom-official:mhrise-sunbreak
硬化の粉塵,Poudre de pierre,capcom-official:mhrise-sunbreak
硬化弾,Peau-de-pierre,capcom-official:mhrise-sunbreak
硬化薬,Potion de pierre,capcom-official:mhrise-sunbreak
硬化薬グレート,Potion pierre+,capcom-official:mhrise-sunbreak
禍々しい冥布,Étoffe lugubre,capcom-official:mhrise-sunbreak
禍々しい布,Étoffe sinistre,capcom-official:mhrise-sunbreak
禍々しい闇布,Étof. archi-sin.,capcom-official:mhrise-sunbreak
福引券,Ticket loterie,capcom-official:mhrise-sunbreak
秘伝の団子素材,Herbe légendaire,capcom-official:mhrise-sunbreak
秘密のポーチ,Poche secrète,capcom-official:mhrise-sunbreak
秘密の変装ツール,Engin déguisem.,capcom-official:mhrise-sunbreak
秘薬,Potion secrète,capcom-official:mhrise-sunbreak
積怨の禍鱗,Écaille draconique tenace,capcom-official:mhrise-sunbreak
空きビン,Fiole vide,capcom-official:mhrise-sunbreak
穿つ巨大クチバシ,Bec colossal,capcom-official:mhrise-sunbreak
竜のナミダ,Larme de wyverne,capcom-official:mhrise-sunbreak
竜の上質な卵,Œuf wyv. qualité,capcom-official:mhrise-sunbreak
竜の卵,Œuf de wyverne,capcom-official:mhrise-sunbreak
竜の大粒ナミダ,G. larme wyv.,capcom-official:mhrise-sunbreak
竜の最上級卵,Œuf wyverne suprême,capcom-official:mhrise-sunbreak
竜の極上な卵,Œuf wyverne premium,capcom-official:mhrise-sunbreak
竜撃弾,Wyverne,capcom-official:mhrise-sunbreak
竜玉,Gemme wyverne,capcom-official:mhrise-sunbreak
竜骨【中】,Os monstre (M),capcom-official:mhrise-sunbreak
竜骨【大】,Os monstre (G),capcom-official:mhrise-sunbreak
竜骨【小】,Os monstre (P),capcom-official:mhrise-sunbreak
精気琥珀,Essence d'ambre,capcom-official:mhrise-sunbreak
精気琥珀・上,Essence d'ambre+,capcom-official:mhrise-sunbreak
精気琥珀・尖,Superbe essence d'ambre,capcom-official:mhrise-sunbreak
精気琥珀・王,Essence d'ambre royale,capcom-official:mhrise-sunbreak
精気琥珀・真,Essence d'ambre pure,capcom-official:mhrise-sunbreak
精気食む噛生虫,Parasite de sang,capcom-official:mhrise-sunbreak
紅晶チケット,Ticket cristal pourpre,capcom-official:mhrise-sunbreak
紅色の種,Graine écarlate,capcom-official:mhrise-sunbreak
紅蓮にゆれる銀殻,Coquillargent flamb.,capcom-official:mhrise-sunbreak
紅蓮石,Pierre de feu,capcom-official:mhrise-sunbreak
素朴な彩水晶,Prisme simple,capcom-official:mhrise-sunbreak
結晶の異国製図,Dessins cristallisés,capcom-official:mhrise-sunbreak
絶品キノコ,Champignon exquis,capcom-official:mhrise-sunbreak
絶品タケノコ,Pousse exquise,capcom-official:mhrise-sunbreak
緋天狗獣の剛爪,Serre Bisha sanguin+,capcom-official:mhrise-sunbreak
緋天狗獣の豪剛毛,Four. Bisha sanguin+,capcom-official:mhrise-sunbreak
緋天狗獣の豪腕羽,Plume Bisha sanguin+,capcom-official:mhrise-sunbreak
緋天狗獣の重尾甲,Chevron Bisha sanguin+,capcom-official:mhrise-sunbreak
緋天狗獣の重頭襟,Corne Bisha sanguin+,capcom-official:mhrise-sunbreak
縞模様の特上皮,Cuir spécial rayé,capcom-official:mhrise-sunbreak
縞模様の皮,Cuir rayé,capcom-official:mhrise-sunbreak
羅刹の金剛角,Corne dorée macabre,capcom-official:mhrise-sunbreak
美食ツボカズラ,Plante mangeuse,capcom-official:mhrise-sunbreak
翼蛇竜の上皮,Peau Remobra+,capcom-official:mhrise-sunbreak
翼蛇竜の特上皮,Cuir spécial Remobra,capcom-official:mhrise-sunbreak
翼蛇竜の特上頭,Large tête Remobra,capcom-official:mhrise-sunbreak
翼蛇竜の皮,Peau Remobra,capcom-official:mhrise-sunbreak
翼蛇竜の頭,Tête Remobra,capcom-official:mhrise-sunbreak
肉厚な上皮,Cuir charnu+,capcom-official:mhrise-sunbreak
肉厚な皮,Cuir charnu,capcom-official:mhrise-sunbreak
肉焼きセット,Broche BBQ,capcom-official:mhrise-sunbreak
肉球のスタンプ,Pattes-de-chat,capcom-official:mhrise-sunbreak
肉球の優待券,Ticket pattes-de-chat,capcom-official:mhrise-sunbreak
肥沃なドロ,Boue fertile,capcom-official:mhrise-sunbreak
背反する双逆鱗,Écaille contrair,capcom-official:mhrise-sunbreak
臣蜘蛛の糸,Soie Rachnoid,capcom-official:mhrise-sunbreak
臣蜘蛛の絹糸,Soie Rachnoid+,capcom-official:mhrise-sunbreak
臣蜘蛛の艶糸,Supersoie Rachnoid,capcom-official:mhrise-sunbreak
航路図【複製】,Carte marine (copie),capcom-official:mhrise-sunbreak
苔むした重土骨,Os dur géant,capcom-official:mhrise-sunbreak
英雄王のコイン,Pièce Roi héroïque,capcom-official:mhrise-sunbreak
茶屋印の風呂敷,Tissu imprimé,capcom-official:mhrise-sunbreak
草食種の大重骨,Gros os d'herbivore,capcom-official:mhrise-sunbreak
草食竜の上質な卵,Œuf Rhenoplos+,capcom-official:mhrise-sunbreak
草食竜の卵,Œuf d'herbivore,capcom-official:mhrise-sunbreak
草食竜の堅殻,Cuirasse Rheno.,capcom-official:mhrise-sunbreak
草食竜の極上な卵,Œuf herbivore premium,capcom-official:mhrise-sunbreak
草食竜の甲殻,Carapace Rheno.,capcom-official:mhrise-sunbreak
草食竜の頭殻,Scalp Rhenoplos,capcom-official:mhrise-sunbreak
落とし穴,Piège à fosse,capcom-official:mhrise-sunbreak
落陽草,Herbe Sansoleil,capcom-official:mhrise-sunbreak
落陽草の花,Fleur crépuscule,capcom-official:mhrise-sunbreak
蒼世の宝玉,Gemme Ère d'azur,capcom-official:mhrise-sunbreak
蒼世の証,Sceau Ère d'azur,capcom-official:mhrise-sunbreak
蒼色の種,Graine bleue,capcom-official:mhrise-sunbreak
薄氷色のジオード,Géode glaciale,capcom-official:mhrise-sunbreak
薬用マカ油,Nectar de fusion,capcom-official:mhrise-sunbreak
薬草,Herbe,capcom-official:mhrise-sunbreak
虹盛り茸,Champarc-en-ciel,capcom-official:mhrise-sunbreak
虹色のジオード,Géode iridescente,capcom-official:mhrise-sunbreak
蛮顎竜の上毛皮,Peau Anjanath+,capcom-official:mhrise-sunbreak
蛮顎竜の上鱗,Écaille Anja.+,capcom-official:mhrise-sunbreak
蛮顎竜の厚毛皮,Fourrure Anjanath,capcom-official:mhrise-sunbreak
蛮顎竜の厚鱗,Éclat Anjanath,capcom-official:mhrise-sunbreak
蛮顎竜の大鼻骨,Os nasal Anja.+,capcom-official:mhrise-sunbreak
蛮顎竜の天鱗,Mante Anjanath,capcom-official:mhrise-sunbreak
蛮顎竜の宝玉,Gemme Anjanath,capcom-official:mhrise-sunbreak
蛮顎竜の尻尾,Queue Anjanath,capcom-official:mhrise-sunbreak
蛮顎竜の毛皮,Pelage Anjanath,capcom-official:mhrise-sunbreak
蛮顎竜の牙,Croc Anjanath,capcom-official:mhrise-sunbreak
蛮顎竜の逆鱗,Plaque Anjanath,capcom-official:mhrise-sunbreak
蛮顎竜の重牙,Croc lourd Anjanath,capcom-official:mhrise-sunbreak
蛮顎竜の重鼻骨,Gd os nasal Anjanath,capcom-official:mhrise-sunbreak
蛮顎竜の鋭牙,Croc Anjanath+,capcom-official:mhrise-sunbreak
蛮顎竜の靭尾,Fouet Anjanath,capcom-official:mhrise-sunbreak
蛮顎竜の鱗,Écaille Anjanath,capcom-official:mhrise-sunbreak
蛮顎竜の鼻骨,Os nasal Anja.,capcom-official:mhrise-sunbreak
衛蜘蛛の黒紅糸,Fil de Pyrantula,capcom-official:mhrise-sunbreak
裂水の異国製図,Dessins déchirés,capcom-official:mhrise-sunbreak
装束チケット,Coupon tenue,capcom-official:mhrise-sunbreak
装束チケットＧ,Coupon tenue+,capcom-official:mhrise-sunbreak
覇王の証,Sceau conquérant,capcom-official:mhrise-sunbreak
角竜の堅殻,Cuirasse Diablos,capcom-official:mhrise-sunbreak
角竜の堅甲,Vertèb. Diablos+,capcom-official:mhrise-sunbreak
角竜の尾甲,Chevron Diablos,capcom-official:mhrise-sunbreak
角竜の延髄,Medulla Diablos,capcom-official:mhrise-sunbreak
角竜の牙,Croc Diablos,capcom-official:mhrise-sunbreak
角竜の甲殻,Carapace Diablos,capcom-official:mhrise-sunbreak
角竜の背甲,Vertèbre Diablos,capcom-official:mhrise-sunbreak
角竜の重尾甲,Chevron Diablos+,capcom-official:mhrise-sunbreak
角竜の重殻,Cortex Diablos,capcom-official:mhrise-sunbreak
角竜の重甲,Échine Diablos,capcom-official:mhrise-sunbreak
角竜の骨髄,Moelle Diablos,capcom-official:mhrise-sunbreak
解毒薬,Antidote,capcom-official:mhrise-sunbreak
討究コイン,Pièce d'Investigation,capcom-official:mhrise-sunbreak
謹製おだんご券,Ticket dango,capcom-official:mhrise-sunbreak
豊沃なドロ,Boue nutritive,capcom-official:mhrise-sunbreak
貫通水冷弾,Aquatique Perf.,capcom-official:mhrise-sunbreak
貫通氷結弾,Glace Perf.,capcom-official:mhrise-sunbreak
貫通滅龍弾,Dragon Perf.,capcom-official:mhrise-sunbreak
貫通火炎弾,Feu Perf.,capcom-official:mhrise-sunbreak
貫通電撃弾,Foudre Perf.,capcom-official:mhrise-sunbreak
赤甲獣の剛爪,Serre Volvidon,capcom-official:mhrise-sunbreak
赤甲獣の堅殻,Cuirasse Volvi.,capcom-official:mhrise-sunbreak
赤甲獣の大蛇腹甲,Gd feston Volvidon,capcom-official:mhrise-sunbreak
赤甲獣の尖爪,Griffe Volvidon+,capcom-official:mhrise-sunbreak
赤甲獣の爪,Griffe Volvidon,capcom-official:mhrise-sunbreak
赤甲獣の甲殻,Carapace Volvi.,capcom-official:mhrise-sunbreak
赤甲獣の蛇腹甲,Feston Volvidon,capcom-official:mhrise-sunbreak
赤甲獣の重殻,Cortex Volvidon,capcom-official:mhrise-sunbreak
赤金魚,Pourpraie,capcom-official:mhrise-sunbreak
赫揺れる厚龍鱗,Éclat scintillant,capcom-official:mhrise-sunbreak
赫揺れる龍鱗,Écaille scint.,capcom-official:mhrise-sunbreak
赫星招く龍氣玉,Orbe drag. rouge,capcom-official:mhrise-sunbreak
赫星招く龍神玉,Lancedragon rouge,capcom-official:mhrise-sunbreak
赫赫の撃槍翼,Aile-lance rouge+,capcom-official:mhrise-sunbreak
赫赫の槍翼,Aile pointe r.,capcom-official:mhrise-sunbreak
超電雷光虫,Fulgurinsecte,capcom-official:mhrise-sunbreak
超高圧電甲,Volt-écaille,capcom-official:mhrise-sunbreak
軽装の異国製図,Dessins légers,capcom-official:mhrise-sunbreak
輝く尻子玉,Nacre brillante,capcom-official:mhrise-sunbreak
轟竜のアギト,Mâchoire Tigrex,capcom-official:mhrise-sunbreak
轟竜の上鱗,Écaille Tigrex+,capcom-official:mhrise-sunbreak
轟竜の剛爪,Serre Tigrex,capcom-official:mhrise-sunbreak
轟竜の厚鱗,Éclat Tigrex,capcom-official:mhrise-sunbreak
轟竜の堅殻,Cuirasse Tigrex,capcom-official:mhrise-sunbreak
轟竜の天鱗,Mante Tigrex,capcom-official:mhrise-sunbreak
轟竜の尖爪,Griffe Tigrex+,capcom-official:mhrise-sunbreak
轟竜の尻尾,Queue Tigrex,capcom-official:mhrise-sunbreak
轟竜の爪,Griffe Tigrex,capcom-official:mhrise-sunbreak
轟竜の牙,Croc Tigrex,capcom-official:mhrise-sunbreak
轟竜の甲殻,Carapace Tigrex,capcom-official:mhrise-sunbreak
轟竜の重殻,Cortex Tigrex,capcom-official:mhrise-sunbreak
轟竜の重牙,Croc lourd Tigrex,capcom-official:mhrise-sunbreak
轟竜の鋭牙,Croc Tigrex+,capcom-official:mhrise-sunbreak
轟竜の靭尾,Fouet Tigrex,capcom-official:mhrise-sunbreak
轟竜の頭殻,Crâne Tigrex,capcom-official:mhrise-sunbreak
轟竜の鱗,Écaille Tigrex,capcom-official:mhrise-sunbreak
迅竜の上鱗,Écaille Narga.+,capcom-official:mhrise-sunbreak
迅竜の上黒毛,Peau Nargacuga+,capcom-official:mhrise-sunbreak
迅竜の刃翼,Rasoir Nargacuga,capcom-official:mhrise-sunbreak
迅竜の剛刃翼,Alfange Nargacuga,capcom-official:mhrise-sunbreak
迅竜の厚鱗,Éclat Nargacuga,capcom-official:mhrise-sunbreak
迅竜の天鱗,Mante Nargacuga,capcom-official:mhrise-sunbreak
迅竜の尻尾,Queue Nargacuga,capcom-official:mhrise-sunbreak
迅竜の尾棘,Piqueue Narga.,capcom-official:mhrise-sunbreak
迅竜の延髄,Medulla Narga.,capcom-official:mhrise-sunbreak
迅竜の牙,Croc Nargacuga,capcom-official:mhrise-sunbreak
迅竜の豪黒毛,Fourrure Nargacuga,capcom-official:mhrise-sunbreak
迅竜の重尾棘,Poinqueue Nargacuga,capcom-official:mhrise-sunbreak
迅竜の重牙,Croc lourd Nargacuga,capcom-official:mhrise-sunbreak
迅竜の鋭刃翼,Rasoir Narga.,capcom-official:mhrise-sunbreak
迅竜の鋭牙,Croc Nargacuga+,capcom-official:mhrise-sunbreak
迅竜の靭尾,Fouet Nargacuga,capcom-official:mhrise-sunbreak
迅竜の骨髄,Moelle Nargacuga,capcom-official:mhrise-sunbreak
迅竜の鱗,Écaille Narga.,capcom-official:mhrise-sunbreak
迅竜の黒毛,Peau Nargacuga,capcom-official:mhrise-sunbreak
迅錬丹,Accélérateur CF,capcom-official:mhrise-sunbreak
逸品キノコ,Champi précieux,capcom-official:mhrise-sunbreak
逸品タケノコ,Bambou précieux,capcom-official:mhrise-sunbreak
重厚な牙,Croc massif,capcom-official:mhrise-sunbreak
重厚な竜骨,Os énorme de monstre,capcom-official:mhrise-sunbreak
重厚な骨,Os énorme,capcom-official:mhrise-sunbreak
重竜頭殻,Scalp wyverne lourd,capcom-official:mhrise-sunbreak
重竜骨,Os robustos,capcom-official:mhrise-sunbreak
重鎧玉,Sph. arm. lourde,capcom-official:mhrise-sunbreak
金のたまご,Œuf d'or,capcom-official:mhrise-sunbreak
金剛原珠,Joyau Adamante,capcom-official:mhrise-sunbreak
金火竜の厚翼膜,Toile Rathian d'or,capcom-official:mhrise-sunbreak
金火竜の厚鱗,Éclat Rathian d'or,capcom-official:mhrise-sunbreak
金火竜の秘棘,Aiguille Rathian d'or,capcom-official:mhrise-sunbreak
金火竜の重殻,Cortex Rathian d'or,capcom-official:mhrise-sunbreak
金獅子の剛爪,Serre Rajang,capcom-official:mhrise-sunbreak
金獅子の剛角,Vouge Rajang,capcom-official:mhrise-sunbreak
金獅子の尖爪,Griffe Rajang+,capcom-official:mhrise-sunbreak
金獅子の尖角,Corne Rajang+,capcom-official:mhrise-sunbreak
金獅子の尻尾,Queue Rajang,capcom-official:mhrise-sunbreak
金獅子の怒髪天,Apoplexie Rajang,capcom-official:mhrise-sunbreak
金獅子の重牙,Croc lourd Rajang,capcom-official:mhrise-sunbreak
金獅子の鋭牙,Croc Rajang+,capcom-official:mhrise-sunbreak
金獅子の黒毛,Four. noire Raj.,capcom-official:mhrise-sunbreak
金獅子の黒荒毛,Pelage sauv. Rajang,capcom-official:mhrise-sunbreak
金色の種,Graine dorée,capcom-official:mhrise-sunbreak
鉄蟲糸弾,Tir Lien de soie,capcom-official:mhrise-sunbreak
鉄蟲糸拘束弾,Tir Lien de soie,capcom-official:mhrise-sunbreak
鉄鉱石,Minerai de fer,capcom-official:mhrise-sunbreak
銀のたまご,Œuf d'argent,capcom-official:mhrise-sunbreak
銀光の盾翼,Bouclier brillant,capcom-official:mhrise-sunbreak
銀火竜の剛翼,Égide Rathalos d'argent,capcom-official:mhrise-sunbreak
銀火竜の厚鱗,Éclat Rathalos argent,capcom-official:mhrise-sunbreak
銀火竜の重殻,Cortex Rathalos argent,capcom-official:mhrise-sunbreak
銀火竜の靭尾,Fouet Rathalos d'argent,capcom-official:mhrise-sunbreak
銀色の種,Graine argent,capcom-official:mhrise-sunbreak
鋭利な爪,Griffe perf.,capcom-official:mhrise-sunbreak
鋭利な牙,Croc aigu,capcom-official:mhrise-sunbreak
鋼のたまご,Œuf d'acier,capcom-official:mhrise-sunbreak
鋼の上龍鱗,Écaille Daora+,capcom-official:mhrise-sunbreak
鋼の厚龍鱗,Éclat Daora,capcom-official:mhrise-sunbreak
鋼龍の剛爪,Serre Daora,capcom-official:mhrise-sunbreak
鋼龍の剛翼,Égide Daora,capcom-official:mhrise-sunbreak
鋼龍の剛角,Vouge Daora,capcom-official:mhrise-sunbreak
鋼龍の堅殻,Cuirasse Daora,capcom-official:mhrise-sunbreak
鋼龍の宝玉,Joyau Daora,capcom-official:mhrise-sunbreak
鋼龍の尖爪,Griffe Daora+,capcom-official:mhrise-sunbreak
鋼龍の尖角,Corne Daora+,capcom-official:mhrise-sunbreak
鋼龍の尻尾,Queue Daora,capcom-official:mhrise-sunbreak
鋼龍の破傀玉,Gemme Daora rév,capcom-official:mhrise-sunbreak
鋼龍の翼,Palmure Daora,capcom-official:mhrise-sunbreak
鋼龍の重殻,Cortex Daora,capcom-official:mhrise-sunbreak
鋼龍の靭尾,Fouet Daora,capcom-official:mhrise-sunbreak
錠の掛かった宝箱,Coffre verrouillé,capcom-official:mhrise-sunbreak
錦魚,Koï,capcom-official:mhrise-sunbreak
鎌蟹の剛爪,Serre Ceanataur,capcom-official:mhrise-sunbreak
鎌蟹の極小殻,Carapace Ceanataur,capcom-official:mhrise-sunbreak
鎌蟹の重殻,Cortex Ceanataur,capcom-official:mhrise-sunbreak
鎌蟹の重脚,Jambe Ceanataur lourde,capcom-official:mhrise-sunbreak
鎌鼬竜の上刃尾,Queue G. Izuchi+,capcom-official:mhrise-sunbreak
鎌鼬竜の上毛,Peau G. Izuchi+,capcom-official:mhrise-sunbreak
鎌鼬竜の上皮,Cuir G. Izuchi+,capcom-official:mhrise-sunbreak
鎌鼬竜の刃尾,Queue G. Izuchi,capcom-official:mhrise-sunbreak
鎌鼬竜の厚毛,Fourrure G. Izuchi,capcom-official:mhrise-sunbreak
鎌鼬竜の厚皮,Peau ép. G. Izuchi,capcom-official:mhrise-sunbreak
鎌鼬竜の毛,Peau G. Izuchi,capcom-official:mhrise-sunbreak
鎌鼬竜の皮,Cuir G. Izuchi,capcom-official:mhrise-sunbreak
鎌鼬竜の砥刃尾,Queue aig. G. Izuchi,capcom-official:mhrise-sunbreak
鎧玉,Sphère d'armure,capcom-official:mhrise-sunbreak
閃光玉,Bombe flash,capcom-official:mhrise-sunbreak
開花チケット,Ticket Printemps,capcom-official:mhrise-sunbreak
闇盛り茸,Champignombres,capcom-official:mhrise-sunbreak
闇転の黒布,Bure,capcom-official:mhrise-sunbreak
闘技王のコイン,Pièce Apogée,capcom-official:mhrise-sunbreak
陽春夜鯉,Carpe print. solaire,capcom-official:mhrise-sunbreak
隠されし金貨,Pièce mystér.,capcom-official:mhrise-sunbreak
雌火竜の上棘,Pointe Rathian+,capcom-official:mhrise-sunbreak
雌火竜の上鱗,Écaille Rathian+,capcom-official:mhrise-sunbreak
雌火竜の厚翼膜,Toile Rathian,capcom-official:mhrise-sunbreak
雌火竜の厚鱗,Éclat Rathian,capcom-official:mhrise-sunbreak
雌火竜の堅殻,Cuirasse Rathian,capcom-official:mhrise-sunbreak
雌火竜の天鱗,Mante Rathian,capcom-official:mhrise-sunbreak
雌火竜の棘,Pointe Rathian,capcom-official:mhrise-sunbreak
雌火竜の甲殻,Carapace Rathian,capcom-official:mhrise-sunbreak
雌火竜の秘棘,Aiguille Rathian,capcom-official:mhrise-sunbreak
雌火竜の紅玉,Rubis Rathian,capcom-official:mhrise-sunbreak
雌火竜の翼膜,Palmure Rathian,capcom-official:mhrise-sunbreak
雌火竜の逆鱗,Plaque Rathian,capcom-official:mhrise-sunbreak
雌火竜の重殻,Cortex Rathian,capcom-official:mhrise-sunbreak
雌火竜の鱗,Écaille Rathian,capcom-official:mhrise-sunbreak
雪鬼獣の上皮,Peau Goss Harag+,capcom-official:mhrise-sunbreak
雪鬼獣の凍剛毛,Four. gelée G. Harag,capcom-official:mhrise-sunbreak
雪鬼獣の剛拳爪,Serre Goss Harag,capcom-official:mhrise-sunbreak
雪鬼獣の剛毛,Four. G. Harag+,capcom-official:mhrise-sunbreak
雪鬼獣の剛角,Vouge Goss Harag,capcom-official:mhrise-sunbreak
雪鬼獣の堅腕甲,Avt-br G. Harag+,capcom-official:mhrise-sunbreak
雪鬼獣の尖拳爪,Griffe G. Harag+,capcom-official:mhrise-sunbreak
雪鬼獣の尖角,Corne G. Harag+,capcom-official:mhrise-sunbreak
雪鬼獣の拳爪,Griffe G. Harag,capcom-official:mhrise-sunbreak
雪鬼獣の毛,Four. Goss Harag,capcom-official:mhrise-sunbreak
雪鬼獣の特上皮,Peau fine Goss,capcom-official:mhrise-sunbreak
雪鬼獣の皮,Peau Goss Harag,capcom-official:mhrise-sunbreak
雪鬼獣の腕甲,Avt-br G. Harag,capcom-official:mhrise-sunbreak
雪鬼獣の角,Corne Goss Harag,capcom-official:mhrise-sunbreak
雪鬼獣の重腕甲,Procoxa Goss Harag,capcom-official:mhrise-sunbreak
雪鬼胆,Bile Goss Harag,capcom-official:mhrise-sunbreak
雷光虫,Foudrinsecte,capcom-official:mhrise-sunbreak
雷狼竜の剛爪,Serre Zinogre,capcom-official:mhrise-sunbreak
雷狼竜の剛角,Vouge Zinogre,capcom-official:mhrise-sunbreak
雷狼竜の堅殻,Cuirasse Zinogre,capcom-official:mhrise-sunbreak
雷狼竜の天玉,Célémeraude Zinogre,capcom-official:mhrise-sunbreak
雷狼竜の尖爪,Griffe Zinogre+,capcom-official:mhrise-sunbreak
雷狼竜の尖角,Corne Zinogre+,capcom-official:mhrise-sunbreak
雷狼竜の尻尾,Queue Zinogre,capcom-official:mhrise-sunbreak
雷狼竜の帯電毛,Peau él. Zinogre,capcom-official:mhrise-sunbreak
雷狼竜の爪,Griffe Zinogre,capcom-official:mhrise-sunbreak
雷狼竜の甲殻,Carapace Zinogre,capcom-official:mhrise-sunbreak
雷狼竜の碧玉,Jaspe Zinogre,capcom-official:mhrise-sunbreak
雷狼竜の蓄電殻,Carap. él. Zin.,capcom-official:mhrise-sunbreak
雷狼竜の角,Corne Zinogre,capcom-official:mhrise-sunbreak
雷狼竜の逆鱗,Plaque Zinogre,capcom-official:mhrise-sunbreak
雷狼竜の重殻,Cortex Zinogre,capcom-official:mhrise-sunbreak
雷狼竜の雷電殻,Électrichoc Zinogre,capcom-official:mhrise-sunbreak
雷狼竜の雷電毛,Four. élec. Zin.+,capcom-official:mhrise-sunbreak
雷狼竜の靭尾,Fouet Zinogre,capcom-official:mhrise-sunbreak
雷狼竜の高電殻,Carap. él. Zin.+,capcom-official:mhrise-sunbreak
雷狼竜の高電毛,Fourr. élec. Zin.,capcom-official:mhrise-sunbreak
雷神の龍玉,Orbe Narwa,capcom-official:mhrise-sunbreak
雷神龍の上皮,Peau Narwa+,capcom-official:mhrise-sunbreak
雷神龍の剛爪,Serre Narwa,capcom-official:mhrise-sunbreak
雷神龍の厚皮,Peau épaisse Narwa,capcom-official:mhrise-sunbreak
雷神龍の堅殻,Cuirasse Narwa,capcom-official:mhrise-sunbreak
雷神龍の尖爪,Griffe Narwa+,capcom-official:mhrise-sunbreak
雷神龍の尖角,Corne Narwa+,capcom-official:mhrise-sunbreak
雷神龍の猛触手,Tentacule Narwa+,capcom-official:mhrise-sunbreak
雷神龍の触手,Tentacule Narwa,capcom-official:mhrise-sunbreak
雷神龍の雷袋,Sac Narwa,capcom-official:mhrise-sunbreak
雷神龍の雷電袋,Poche d'orage Narwa,capcom-official:mhrise-sunbreak
雷電袋,Poche d'orage,capcom-official:mhrise-sunbreak
電撃タル爆弾,Bombe baril Foudre,capcom-official:mhrise-sunbreak
電撃弾,Foudre,capcom-official:mhrise-sunbreak
電撃袋,Poche de foudre,capcom-official:mhrise-sunbreak
電気袋,Poche électrique,capcom-official:mhrise-sunbreak
電竜の剛翼爪,Serre acér. Astalos,capcom-official:mhrise-sunbreak
電竜の厚鱗,Éclat Astalos,capcom-official:mhrise-sunbreak
電竜の天鱗,Mante Astalos,capcom-official:mhrise-sunbreak
電竜の超電膜,Membrane Astalos,capcom-official:mhrise-sunbreak
電竜の重冠甲,Lrde crête Astalos+,capcom-official:mhrise-sunbreak
電竜の重棘殻,Carap. lrde Astalos,capcom-official:mhrise-sunbreak
電竜の鋏刃尾,Lame-ciseau Astalos,capcom-official:mhrise-sunbreak
霜ふり草,Herbe des neiges,capcom-official:mhrise-sunbreak
霞龍の上皮,Peau Chameleos+,capcom-official:mhrise-sunbreak
霞龍の剛爪,Serre Chameleos,capcom-official:mhrise-sunbreak
霞龍の剛翼,Égide Chameleos,capcom-official:mhrise-sunbreak
霞龍の剛角,Vouge Chameleos,capcom-official:mhrise-sunbreak
霞龍の宝玉,Joyau Chameleos,capcom-official:mhrise-sunbreak
霞龍の尖爪,Griffe Cham.+,capcom-official:mhrise-sunbreak
霞龍の尖角,Pointe Chameleos,capcom-official:mhrise-sunbreak
霞龍の尻尾,Queue Chameleos,capcom-official:mhrise-sunbreak
霞龍の特上皮,Cuir fin Chameleos,capcom-official:mhrise-sunbreak
霞龍の破傀玉,Gemme Chameleos év.,capcom-official:mhrise-sunbreak
霞龍の翼,Aile Chameleos,capcom-official:mhrise-sunbreak
霞龍の靭尾,Fouet Chameleos,capcom-official:mhrise-sunbreak
青熊獣の剛毛,Peau Arzuros+,capcom-official:mhrise-sunbreak
青熊獣の堅殻,Cuirasse Arzuros,capcom-official:mhrise-sunbreak
青熊獣の堅腕甲,Coxa Arzuros+,capcom-official:mhrise-sunbreak
青熊獣の毛,Peau Arzuros,capcom-official:mhrise-sunbreak
青熊獣の甲殻,Carapace Arzuros,capcom-official:mhrise-sunbreak
青熊獣の腕甲,Coxa Arzuros,capcom-official:mhrise-sunbreak
青熊獣の豪剛毛,Fourrure Arzuros,capcom-official:mhrise-sunbreak
青熊獣の重殻,Cortex Arzuros,capcom-official:mhrise-sunbreak
青熊獣の重腕甲,Procoxa Arzuros,capcom-official:mhrise-sunbreak
音爆弾,Bombe sonique,capcom-official:mhrise-sunbreak
頑丈な骨,Os solide,capcom-official:mhrise-sunbreak
風神の龍玉,Orbe Serp. vent,capcom-official:mhrise-sunbreak
風神の龍神玉,Lancedragon Vent,capcom-official:mhrise-sunbreak
風神龍の上皮,Peau Ibushi+,capcom-official:mhrise-sunbreak
風神龍の剛爪,Serre Ibushi,capcom-official:mhrise-sunbreak
風神龍の剛角,Vouge Ibushi,capcom-official:mhrise-sunbreak
風神龍の堅殻,Cuirasse Ibushi,capcom-official:mhrise-sunbreak
風神龍の尖爪,Griffe Ibushi+,capcom-official:mhrise-sunbreak
風神龍の尖角,Corne Ibushi+,capcom-official:mhrise-sunbreak
風神龍の暴風袋,Trachée Ibushi+,capcom-official:mhrise-sunbreak
風神龍の特上皮,Peau fine Ibushi,capcom-official:mhrise-sunbreak
風神龍の碧棘,Pointe bleue Ib.,capcom-official:mhrise-sunbreak
風神龍の碧重棘,Pointe bleue Ib.+,capcom-official:mhrise-sunbreak
風神龍の重殻,Cortex Ibushi,capcom-official:mhrise-sunbreak
風神龍の風袋,Trachée Ibushi,capcom-official:mhrise-sunbreak
飛甲虫の堅殻,Cuirasse Bnaha.,capcom-official:mhrise-sunbreak
飛甲虫の斬羽,Élytre Bnahabra,capcom-official:mhrise-sunbreak
飛甲虫の甲殻,Carapace Bnaha.,capcom-official:mhrise-sunbreak
飛甲虫の羽,Aile Bnahabra,capcom-official:mhrise-sunbreak
飛甲虫の麻痺針,Dard Bnahabra,capcom-official:mhrise-sunbreak
飛雷竜の上毛皮,Pelage Kadachi+,capcom-official:mhrise-sunbreak
飛雷竜の上鱗,Écaille Kadachi+,capcom-official:mhrise-sunbreak
飛雷竜の剛爪,Serre Tobi-Kadachi,capcom-official:mhrise-sunbreak
飛雷竜の厚毛皮,Fourrure Tobi-Kadachi,capcom-official:mhrise-sunbreak
飛雷竜の厚皮膜,Membrane Tobi-Kadachi+,capcom-official:mhrise-sunbreak
飛雷竜の厚鱗,Éclat Tobi-Kadachi,capcom-official:mhrise-sunbreak
飛雷竜の尖爪,Griffe Kadachi+,capcom-official:mhrise-sunbreak
飛雷竜の毛皮,Pelage Kadachi,capcom-official:mhrise-sunbreak
飛雷竜の爪,Griffe Kadachi,capcom-official:mhrise-sunbreak
飛雷竜の皮膜,Membrane Kadachi,capcom-official:mhrise-sunbreak
飛雷竜の雷光針,Cathode Tobi-Kadachi,capcom-official:mhrise-sunbreak
飛雷竜の雷極針,Électr. Kadachi+,capcom-official:mhrise-sunbreak
飛雷竜の電極針,Électrode Kadachi,capcom-official:mhrise-sunbreak
飛雷竜の鱗,Écaille Kadachi,capcom-official:mhrise-sunbreak
飴色のコーパル,Copale d'ambre,capcom-official:mhrise-sunbreak
高級なトサカ,Crête Ludr. r.+,capcom-official:mhrise-sunbreak
鬼人の粉塵,Poudre du démon,capcom-official:mhrise-sunbreak
鬼人弾,Démon,capcom-official:mhrise-sunbreak
鬼人薬,Potion du démon,capcom-official:mhrise-sunbreak
鬼人薬グレート,Potion du démon+,capcom-official:mhrise-sunbreak
魂揺らめく尻子玉,Nacre scintillante,capcom-official:mhrise-sunbreak
魅惑の異国製図,Dessins enchanteurs,capcom-official:mhrise-sunbreak
鮫肌の鱗,Écaille requin,capcom-official:mhrise-sunbreak
鳥竜玉,Gemme w. rapace,capcom-official:mhrise-sunbreak
鳴き袋,Poche hurlante,capcom-official:mhrise-sunbreak
麗羊獣の厚毛皮,Fourrure chèvrecape,capcom-official:mhrise-sunbreak
麗羊獣の毛玉,Boule de laine chèvrecape,capcom-official:mhrise-sunbreak
麻痺ビン,F. de paralysie,capcom-official:mhrise-sunbreak
麻痺投げクナイ,Kunai paralysie,capcom-official:mhrise-sunbreak
麻痺袋,Poche paralysie,capcom-official:mhrise-sunbreak
黄金の毛,Peau d'or Rajang,capcom-official:mhrise-sunbreak
黄金の煌毛,Peau d'or Rajang+,capcom-official:mhrise-sunbreak
黄金色の泥土,Boue dorée,capcom-official:mhrise-sunbreak
黄金色の粘泥土,Vase dorée,capcom-official:mhrise-sunbreak
黄金色の純粘泥土,Vase dorée pure,capcom-official:mhrise-sunbreak
黄金魚,Poisson d'or,capcom-official:mhrise-sunbreak
黒ずんだ重焼骨,Os dur noirci,capcom-official:mhrise-sunbreak
黒翼耳チケット,Ti. ailes noires,capcom-official:mhrise-sunbreak
黒蝕竜の剛惨爪,Broyeur G. Magala,capcom-official:mhrise-sunbreak
黒蝕竜の剛触角,Capteur G. Magala,capcom-official:mhrise-sunbreak
黒蝕竜の厚鱗,Éclat G. Magala,capcom-official:mhrise-sunbreak
黒蝕竜の天鱗,Mante G. Magala,capcom-official:mhrise-sunbreak
黒蝕竜の暗黒翼,Éclipse G. Magala,capcom-official:mhrise-sunbreak
黒蝕竜の重殻,Cortex G. Magala,capcom-official:mhrise-sunbreak
黒蝕竜の靭尾,Queue Gore Magala,capcom-official:mhrise-sunbreak
龍殺しの実,Baie-dragon,capcom-official:mhrise-sunbreak
龍秘宝,Trésor de dragon,capcom-official:mhrise-sunbreak
４品詰めの土産品,Ensemble souvenir,capcom-official:mhrise-sunbreak
